{
    "/quartzjobsql/queryNoPage": "/quartzjobsql*queryNoPage",
    "/datasources/queryNoPage": "/datasources*queryNoPage",
    "/application/queryNoPage": "/application*queryNoPage",
    "/quartzjobsql/insertUpdate": "/quartzjobsql*insertUpdate",
    "/quartzjobsql/delete": "/quartzjobsql*delete",
    "/quartzjobsql/removeWarnId": "/quartzjobsql*removeWarnId",
    "/quartzjobsql/execStatus": "/quartzjobsql*execStatus",
    "/quartzjobcomparator/queryNoPage": "/quartzjobcomparator*queryNoPage",
    "/quartzjobcomparator/insertUpdate": "/quartzjobcomparator*insertUpdate",
    "/quartzjobcomparator/delete": "/quartzjobcomparator*insertUpdate",


    "/datasources/execStatus": "/datasources*execStatus",
    "/datasources/insertUpdate": "/datasources*insertUpdate",
    "/datasources/loadRecord": "/datasources*loadRecord",
    "/datasources/delete": "/datasources*delete",

    "/warn/queryNoPage": "/warn*queryNoPage",
    "/warn/get": "/warn*get",
    "/warn/removeWarnId": "/warn*removeWarnId"
}