{
    "11284": [
        "Stand Collar Jacket",
        "Blue Jackets",
        "Black Jacket",
        "Red Jacket",
        "Cotton Jacket",
        "Fashion Jackets",
        "Polyester Jacket",
        "Mandarin Collar Jacket",
        "Multi Pocket Jacket",
        "Slim Jacket",
        "Leather Jacket",
        "Windbreaker Jacket",
        "Sports Jacket",
        "Baseball Jacket",
        "Hoodie Jacket",
        "Padded Jacket",
        "Spring Jacket",
        "Warm Jackets",
        "Outdoor Jackets",
        "Zipper Jacket"
    ],
    "11285": [
        "Sports Hoodiesaa",
        "Cotton Hoodie",
        "Fashion Hoodies",
        "Leather Hoodie",
        "Windbreaker Hoodie",
        "Zip Sweatshirt",
        "Baseball Hoodies",
        "Warm Hoodies",
        "Youth Hoodies",
        "Thick Hoodies",
        "Thin Hoodies",
        "Cotton Sweatshirts",
        "Polyester Hoodie",
        "Sports Sweatshirts",
        "Baseball Sweatshirts",
        "Fashion Sweatshirts",
        "Long Sleeve Hoodie",
        "Stand Collar Jacket",
        "Multi Pocket Jacket",
        "Long Sleeve Jacket",
        "Warm Sweatshirt",
        "Youth Sweatshirts",
        "Outdoor Hoodie"
    ],
    "11289": [
        "Black Pants",
        "Casual Pants",
        "Comfortable Pants",
        "Cotton Pants",
        "Fashion Pants",
        "Khaki Pants",
        "Long Trousers",
        "Loose Pants",
        "Mens Pants",
        "Party Pants",
        "Polyester Pants",
        "Short Pants",
        "Slim Pants",
        "Sport Pants",
        "Straight Pants",
        "Summer Trousers",
        "Trouser Pants",
        "White Pants",
        "Business Pants",
        "Regular Trousers"
    ],
    "11926": [
        "Polo T Shirts",
        "Long Sleeve T Shirts",
        "Tee Shirt",
        "Collared T Shirt",
        "Gym T Shirts",
        "Short Sleeve T Shirts",
        "Printed T Shirts",
        "Casual T Shirts",
        "Cotton T Shirt",
        "Sport T Shirt",
        "Polyester T Shirt",
        "Summer T Shirts",
        "Fitted T Shirts",
        "White T Shirt",
        "Fashion T Shirt",
        "Top T Shirt"
    ],
    "11288": [
        "Short Pants",
        "Sports Shorts",
        "Cotton Shorts",
        "Beach Shorts",
        "Summer Shorts",
        "Quick Short",
        "Camouflage Shorts",
        "Casual Shorts",
        "Fashion Shorts",
        "Male Shorts",
        "Branded Shorts",
        "Outdoor Shorts",
        "Pocket Shorts",
        "Dry Shorts"
    ],
    "11286": [
        "Printing Shirt ",
        "Shirt Dress",
        "Shirts For Men",
        "Long Sleeve Shirts",
        "Plaid Shirts",
        "Short Sleeve Shirts",
        "Casual Shirts",
        "Cotton Shirt",
        "Purple Shirt",
        "Shirt Colour",
        "Summer Shirts",
        "Business Shirts",
        "Fitted Shirts",
        "Long Sleeved Shirt",
        "Fashion Shirt",
        "Top Shirt",
        "Office Shirts",
        "Fall Shirts",
        "Slim Shirt"
    ],
    "11290": [
        "Cardigan Sweater",
        "Sweater For Men",
        "Wool Sweater",
        "Sweater Hoodie",
        "Sweater Coat",
        "Pullover Sweater",
        "Sweater Jacket",
        "Long Sweater",
        "Fleece Sweater",
        "Zipper Sweater",
        "Fashion Sweaters",
        "Warm Sweaters",
        "Loose Sweater",
        "Plaid Sweater",
        "Thick Sweaters",
        "Fitted Sweater",
        "Casual Sweaters",
        "Neck Sweater",
        "Sweatshirt Sweater"
    ],
    "11335": [
        "Wedding Suits",
        "Groom Suits",
        "Long Suit",
        "Suit Vest",
        "Business Suit",
        "Blazer Suit",
        "Casual Suit",
        "Slim Suit",
        "Suit Clothing",
        "Fashion Suit",
        "Male Suits"
    ],
    "12322": [
        "School Bags",
        "Travel Bag",
        "Laptop Bag",
        "Shoulder Bag",
        "Travel Backpack",
        "Laptop Backpack",
        "Leather Backpack",
        "Waterproof Backpack",
        "College Bags",
        "Sports Bag",
        "Canvas Bag",
        "Fashion Backpacks",
        "Business Backpack",
        "Computer Backpack",
        "Large Backpacks",
        "Nylon Bag",
        "Outdoor Backpack",
        "Nylon Backpack",
        "Cartoon Backpack",
        "Oxford Bags",
        "Casual Backpacks",
        "Double Bag",
        "Mountain Bag",
        "Shoulder Backpack",
        "Simple Backpack",
        "Campus Backpack"
    ],
    "12323": [
        "Crossbody Bag For Men",
        "Leather Crossbody Bag",
        "Crossbody Bags For Travel",
        "Small Crossbody Bag",
        "Canvas Crossbody Bag",
        "Crossbody Messenger Bag",
        "Crossbody Shoulder Bag",
        "Crossbody Satchel Bag",
        "Sporty Crossbody Bag",
        "Waterproof Crossbody Bag",
        "Vintage Crossbody Bag",
        "Casual Crossbody Bags",
        "Crossover Handbags",
        "Sling Crossbody Bag",
        "Fashion Crossbody Bags",
        "Simple Crossbody Bag",
        "Outdoor Crossbody Bag",
        "Retro Crossbody Bag",
        "Pu Crossbody Bag",
        "Chest Crossbody Bag",
        "Cross Crossbody Bag"
    ],
    "12324": [
        "Leather Handbags",
        "Men's Handbags",
        "Backpack Handbags",
        "Crossbody Handbags",
        "Travel Handbags",
        "Laptop Handbags",
        "Satchel Handbags",
        "Canvas Handbags",
        "Shoulder Handbags",
        "Fashion Handbags",
        "Casual Handbags",
        "Long Hand Bags",
        "Bag Handbag",
        "Cross Handbags",
        "Wallet Handbag",
        "Simple Handbags",
        "Business Handbag",
        "Handbag Zippers",
        "Messenger Handbags",
        "Briefcase Handbag",
        "Computer Handbag",
        "Large Capacity Handbags",
        "Genuine Handbags"
    ],
    "12409": [
        "Children Suitcases",
        "Travel Suitcase",
        "Backpack Suitcase",
        "Luggage Suitcase",
        "Cartoon Suitcase",
        "Trunk Suitcase",
        "Business Suitcase",
        "Luggage Bags With Wheels",
        "Suitcase Box",
        "Waterproof Suitcase",
        "Men'S Luggage Bag",
        "Fashion Suitcase",
        "Folding Suitcase",
        "Backpack Luggage Bag",
        "Canvas Suitcase",
        "Leisure Suitcase",
        "Canvas Luggage Bags",
        "Sports Suitcase",
        "Suitcase Handbag",
        "Shoulder Luggage Bag",
        "Nylon Suitcase",
        "Business Luggage Bag",
        "Portable Suitcase",
        "Sports Luggage Bags"
    ],
    "12325": [
        "Mens Waist Bag",
        "Leather Waist Bag",
        "Waist Belt Bag",
        "Running Waist Bag",
        "Travel Waist Bag",
        "Waist Bag Fashion",
        "Tactical Waist Bag",
        "Waterproof Waist Bag",
        "Sport Waist Bag",
        "Small Waist Bag",
        "Shoulder Waist Bag",
        "Large Waist Bag",
        "Money Waist Bag",
        "Canvas Waist Bag",
        "Outdoor Waist Bag",
        "Fanny Waist Bag",
        "Phone Waist Bag",
        "Casual Waist Bag"
    ],
    "11899": [
        "Credit Card Wallet",
        "Travel Wallet",
        "Leather Wallet",
        "Mobile Wallet",
        "Coin Wallet",
        "Passport Wallet",
        "Phone Wallet",
        "Money Wallet",
        "Small Wallet",
        "Crossbody Wallet",
        "Thin Wallet",
        "Casual Wallets",
        "Cute Wallets",
        "Zip Pocket Wallet",
        "Key Wallet",
        "Wallet Case",
        "Cartoon Wallet",
        "Clutch Wallet",
        "Long Wallet",
        "Id Wallet",
        "Multi Wallet",
        "Simple Wallet",
        "Cross Wallets",
        "Wallet Wallet",
        "Canvas Wallet",
        "Multifunction Wallet"
    ],
    "12095": [
        "Printing T Shirt Women",
        "Shirt Dress",
        "Long Sleeve Shirts",
        "White Shirt Women",
        "Plaid Shirts",
        "Boat Neck Blouse",
        "White Blouse",
        "Striped Shirt",
        "Womens Shirts",
        "Cute Shirts",
        "Short Sleeve Shirts",
        "Embroidered Shirts",
        "Floral Shirt",
        "Printed Shirts",
        "Sleeveless Shirt",
        "Casual Shirts",
        "Sleeveless Blouse",
        "Cotton Shirt",
        "Lace Blouse",
        "Purple Shirt",
        "Sexy Blouses",
        "Shirt Jacket",
        "Chiffon Blouse",
        "Ruffle Blouse"
    ],
    "11889": [
        "Leather Jacket For Women",
        "Women Fur Coat",
        "Cardigans For Women",
        "Windbreaker Jacket",
        "Down Jacket",
        "Long Cardigan",
        "Wool Coat",
        "Cardigan Sweater",
        "Long Coat",
        "Parka Coat",
        "Fashion Jacket",
        "Down Coat",
        "Padded Coat",
        "Wool Jacket",
        "Sweater Coat",
        "Hooded Coat",
        "Sweater Jacket",
        "Warm Jackets",
        "Cotton Jacket",
        "Hooded Cardigan",
        "Warm Coats",
        "Casual Jacket",
        "Short Jacket",
        "Wool Cardigan",
        "Zipper Jacket",
        "Cardigan Jacket",
        "Casual Coat",
        "Cotton Cardigan"
    ],
    "12132": [
        "Net Shoes",
        "Shoes for Men",
        "Basketball Shoes",
        "Running Shoes",
        "Sports Shoes",
        "Skate Shoes",
        "Loafer Shoes",
        "Oxford Shoes",
        "Shoe Laces",
        "Dress Shoes",
        "Flat Shoes",
        "Hiking Shoes",
        "Canvas Shoes",
        "Walking Shoes",
        "Casual Shoes",
        "Cool Shoes",
        "Leather Shoes",
        "Shoe Boots",
        "Sneakers Shoes",
        "Toe Shoes",
        "Air Shoes",
        "Suede Shoes",
        "Beach Shoes",
        "Driving Shoes",
        "Fashion Shoes",
        "Fly Shoes",
        "Light Shoes",
        "Retro Shoes",
        "Sandals Shoes",
        "Popular Shoes",
        "Moccasin Shoes",
        "Trending Shoes",
        "Simple Shoes",
        "Slipper Shoes",
        "Soft Shoes",
        "Tying Shoes",
        "Comfy Shoes",
        "Handmade Shoes",
        "Top Shoes"
    ],
    "12271": [
        "Ankle Boots",
        "Mens Boots",
        "Work Boots",
        "Snow Boots",
        "Shoe Boots",
        "Fur Boots",
        "Leather Boots",
        "Flat Boots",
        "Suede Boots",
        "Boot Laces",
        "High Boots",
        "Short Boots",
        "Fashion Boots",
        "Warm Boots",
        "Boot Brands",
        "Casual Boots",
        "Comfortable Boots"
    ],
    "12450": [
        "Loafer Shoes",
        "Spring Shoes",
        "Shoe Laces",
        "Canvas Shoes",
        "Walking Shoes",
        "Casual Shoes",
        "Leather Shoes",
        "Suede Shoes",
        "Summer Shoes",
        "Driving Shoes",
        "Moccasin Shoes",
        "Trending Shoes",
        "Comfy Shoes",
        "Handmade Shoes",
        "Korean Shoes",
        "Spot Shoes",
        "Breathable Shoes",
        "Business Shoes",
        "Feet Shoes"
    ],
    "12371": [
        "Wedding Shoes",
        "Loafer Shoes",
        "Oxford Shoes",
        "Shoe Laces",
        "Dress Shoes",
        "Flat Shoes",
        "Casual Shoes",
        "Cool Shoes",
        "Formal Shoes",
        "Leather Shoes",
        "Toe Shoes",
        "Driving Shoes",
        "Shoes Shoes",
        "Trending Shoes",
        "Soft Shoes",
        "Comfy Shoes",
        "Handmade Shoes",
        "Outdoor Shoes",
        "Classic Shoes",
        "Pointy Shoes",
        "Breathable Shoes"
    ],
    "12274": [
        "Flat Sandals",
        "Sandal Design",
        "Leather Sandals",
        "Walking Sandals",
        "Beach Sandals",
        "Comfy Sandals",
        "Slip On Sandals",
        "Sandal Brands",
        "Korean Sandals",
        "Canvas Sandals",
        "Loafer Sandals",
        "Youth Sandals",
        "Flip Sandals",
        "Breathable Sandals"
    ],
    "12275": [
        "Leather Slippers",
        "Slipper Sandal",
        "Designer Slippers",
        "Home Slippers",
        "Cool Slippers",
        "Flat Slippers",
        "Fashion Slippers",
        "Non Slip Slippers",
        "Couple Slippers",
        "Casual Slippers"
    ],
    "11629": [
        "Wooden Spoon",
        "Soup Spoon",
        "Baby Spoons",
        "Fork Spoon",
        "Plastic Spoon",
        "Coffee Spoon",
        "Small Spoon",
        "Japanese Spoon",
        "Spoon Straws",
        "Cartoon Spoon",
        "Rice Spoon",
        "Kitchen Spoon",
        "Long Spoon",
        "Large Spoon",
        "Steel Spoon"
    ],
    "11718": [
        "Coffee Cup",
        "Tea Cup",
        "Plastic Cups",
        "Fashion Cup",
        "Double Cup",
        "Glass Cup",
        "Custom Cups",
        "Thermos Cup",
        "Business Cup",
        "Loving Cup",
        "Insulated Cups",
        "Vacuum Cup",
        "Water Cup",
        "Ceramic Cup",
        "Drinking Cups",
        "Mug Cup",
        "Sports Cup",
        "Cartoon Cup",
        "Cup Logo",
        "Milk Cup",
        "Steel Cup",
        "Childrens Cup",
        "Cup Gifts"
    ],
    "11648": [
        "Toilet Cleaner",
        "Suction Cup",
        "Toothbrush Holder",
        "Wall Suction Holder",
        "Bath Towel",
        "Bath Brush",
        "Bath Ball",
        "Bath Shower",
        "Shower Curtain",
        "Toothbrush Rack",
        "Storage Rack"
    ],
    "11715": [
        "Diy Kitchens",
        "Kitchen Decor",
        "Kitchen Accessories",
        "Kitchen Tools",
        "Kitchen Cooking",
        "Kitchen Handles",
        "Home Kitchen",
        "Fashion Kitchen",
        "Beer Kitchen",
        "Cream Kitchen",
        "Bakers Kitchen",
        "Creative Kitchen",
        "Kitchen Slicer",
        "Food Kitchen",
        "Steel Kitchen",
        "Fruit Kitchen",
        "Spell Kitchen"
    ],
    "11725": [
        "Party Supplies",
        "Birthday Party",
        "Party Decorations",
        "Christmas Party",
        "Party Lights",
        "Wedding Party",
        "Party Balloons",
        "Party Venues",
        "Night Party",
        "Home Party",
        "Star Party",
        "Wine Party",
        "Fairy Party",
        "Party Led",
        "Diy Party",
        "Fashion Party"
    ],
    "11636": [
        "Kitchen Sink",
        "Kitchen Shelves",
        "Kitchen Storage",
        "Kitchen Rack",
        "Kitchen Towels",
        "Home Kitchen",
        "Kitchen Gloves",
        "Kitchen Oven",
        "Bakers Kitchen",
        "Creative Kitchen",
        "Kitchen Cartoon",
        "Kitchen Hand",
        "Kitchen Pots",
        "Kitchen Hooks",
        "Kitchen Heater",
        "Kitchen Microwave"
    ],
    "11666": [
        "Pet Dog",
        "Hamster Pet",
        "Housepets",
        "Cute Pets",
        "Flower Petals",
        "Pet Plastic",
        "Small Pets",
        "Pet Toys",
        "Pet Bear",
        "Pet Cats",
        "Puppy Pet",
        "Water Pets"
    ],
    "11729": [
        "Kitchen Cruet Storage Bottles",
        "Seal Storage Container ",
        "Food Storage Box",
        "Storage Tank",
        "Clothing Sorting Bags",
        "Travel Storage Box",
        "Creative Storage Box",
        "Storage Bags",
        "Large Storage Box"
    ],
    "12400": [
        "Backpacks For School",
        "Small Backpack",
        "Cute Backpacks",
        "College Backpacks",
        "Canvas Backpack",
        "Backpacking Backpacks",
        "Rucksack Backpack",
        "Childrens Backpack",
        "Little Backpacks",
        "Student Backpack",
        "Junior Backpack"
    ],
    "12401": [
        "Crossbody Bags",
        "Messenger Bag",
        "Shoulder Crossbody Bag",
        "Big Crossbody Bag",
        "Crossbody Bags For Women",
        "Leather Crossbody Bags",
        "Bucket Bag",
        "Canvas Bag",
        "Hand Bag",
        "Satchel Bag",
        "Small Bag",
        "Fashion Crossbody Bag",
        "Packing Bags",
        "Cross Bag",
        "Jelly Bag",
        "Transparent Bag",
        "Chain Crossbody Bag",
        "Cute Bags",
        "Large Bag",
        "Phone Bag",
        "Packaging Bags",
        "Trending Bags",
        "Bags Direct",
        "Sequin Bag",
        "Simple Bag",
        "Square Bag"
    ],
    "11898": [
        "Travel Bag",
        "Lunch Bag",
        "Shoulder Bag",
        "Wash Basin",
        "Luggage Bags",
        "Canvas Bag",
        "Hand Bag",
        "Cosmetic Bag",
        "Waterproof Bag",
        "Pouch Bag",
        "Storage Bags",
        "Cloth Bags",
        "Business Bag",
        "Cute Bags",
        "Car Bag",
        "Cartoon Bag",
        "Outdoor Bag",
        "Oxford Bags",
        "Bags Direct",
        "Folding Bag",
        "Mother Bag",
        "Waterproof Backpack",
        "Casual Backpacks",
        "Jelly Bag",
        "Large Bag",
        "Soft Handbags",
        "Clutch Handbags",
        "Cute Handbags",
        "Credit Card Wallet",
        "Mobile Wallet",
        "Laptop Backpack",
        "Anti Thief Backpack",
        "Comestic Bag",
        "Shoulder Backpacks",
        "Fashion Handbag"
    ],
    "12404": [
        "Tote Bag",
        "Crossbody Bags",
        "Messenger Bag",
        "Shoulder Bag",
        "Clutch Handbags",
        "Branded Bags",
        "Bucket Handbags",
        "Canvas Bag",
        "Satchel Bag",
        "Luxury Bags",
        "Small Handbags",
        "Designer Bag",
        "Vintage Handbags",
        "Cute Handbags",
        "Purse Handbags",
        "Large Bag",
        "Packaging Handbags",
        "Tassel Bag",
        "Trending Bags",
        "Crocodile Handbags",
        "Classic Handbags",
        "Elegance Bags",
        "Handle Bag",
        "Mother Handbags",
        "Soft Handbags"
    ],
    "12407": [
        "Credit Card Wallet",
        "Leather Wallet",
        "Mobile Wallet",
        "Chain Wallet",
        "Coin Wallet",
        "Passport Wallet",
        "Phone Wallet",
        "Money Wallet",
        "Wallet Purse",
        "Cute Wallets",
        "Zip Wallet",
        "Key Wallet",
        "Pocket Wallet",
        "Wallet Case",
        "Cartoon Wallet",
        "Clutch Wallet",
        "Long Wallet",
        "Multi Wallet",
        "Simple Wallet",
        "Canvas Wallet",
        "Large Wallet",
        "Wallet Pattern",
        "Car Wallet",
        "Fashion Wallet"
    ],
    "11319": [
        "Kitchen Wall Decor",
        "Wall Art Decor",
        "Metal Wall Decor",
        "Wood Wall Decor",
        "Flower Wall Decor",
        "Wall Art Painting",
        "Gold Wall Decor",
        "Modern Wall Decor",
        "Wall Hanging Decor",
        "Metallic Wall Paint",
        "Silver Wall Decor",
        "Wall Decor Paintings",
        "Modern Home Decor",
        "Flower Decoration For Home",
        "Simple Home Decoration",
        "Cute Home Decor",
        "Gold Home Decor",
        "Home Decor Art",
        "Plastic Table Mats",
        "Decorative Table Mats",
        "Wooden Table Mats",
        "Canvas Wall Paintings"
    ],
    "11845": [
        "Waterproof Phone Case",
        "Leather Phone Cases",
        "Protective Phone Cases",
        "Silicone Phone Case",
        "Usb Portable Fan",
        "Shockproof Phone Case",
        "Transparent Phone Cases",
        "Fashion Phone Cases",
        "Cartoon Phone Cases",
        "Leather Strap Bracelet",
        "Creative Phone Cases",
        "Soft Phone Cases"
    ],
    "12188": [
        "Hanging File Folders",
        "Wooden Cupboard",
        "Wooden Photo Frames",
        "Simple Photo Frame",
        "Plastic Cupboard",
        "Hanging Photo Frames",
        "Plastic File Folders",
        "Cartoon Photo Frame",
        "Canvas Photo Frame",
        "Creative Photo Frames",
        "Leather File Folder",
        "Portable Cupboard",
        "Stationery Cupboard",
        "Transparent Photo Frame",
        "Hanging Cupboard",
        "Hanging File Holder",
        "Leather Photo Frame",
        "Plastic File Holder",
        "Plastic Photo Frames",
        "Vertical File Folders"
    ],
    "12119": [
        "High Waisted Jean Shorts",
        "Jean Pencil Skirt",
        "Short Jean Shorts",
        "Short Jean Skirt",
        "Sexy Jean Shorts",
        "Short Pants Jeans",
        "Denim Jean Shorts",
        "Jeans Leggings High Waist",
        "Short Skinny Jeans",
        "High Waist Pants Jeans",
        "Jean Yoga Pants",
        "High Waisted Trouser Jeans",
        "Stretch Jean Leggings",
        "Denim Trouser Jeans",
        "Jean Harem Pants",
        "Skinny Jeans Leggings",
        "Jean Stretch Pants",
        "Short Jeans Fashion"
    ],
    "11849": [
        "Shirt Dress",
        "Long Sleeve Dress",
        "Casual Dresses",
        "Sexy Dress",
        "Cardigan Sweater",
        "Fashion Dress",
        "Knitted Dress",
        "Turtleneck Sweater",
        "Knit Sweater",
        "Turtleneck Dress",
        "Pullover Sweater",
        "Dress Cardigan",
        "Sexy Sweaters",
        "Warm Coats",
        "Loose Dress",
        "Cardigan Coat",
        "Short Coat",
        "Sleeved Dresses",
        "Casual Coat",
        "Fashion Coats",
        "Fashion Sweaters",
        "Long Sleeve Sweater",
        "Warm Sweaters",
        "High Collar Dress",
        "Knitted Coat",
        "Loose Sweater",
        "Short Sweater",
        "Slim Dress",
        "Warm Dresses",
        "Pullover Dress"
    ],
    "12135": [
        "Shoes For Women",
        "Womens Sandals",
        "Womens Slippers",
        "Flat Shoes",
        "Heeled Sandals",
        "Casual Shoes",
        "Comfortable Shoes",
        "Leather Shoes",
        "Flat Sandals",
        "Pumps Shoes",
        "Heels Shoes",
        "Snow Shoes",
        "Comfortable Sandals",
        "Fashion Shoes",
        "Leather Sandals",
        "Casual Boots",
        "Heel Slippers",
        "Leather Slippers",
        "Fashion Sandals",
        "High Shoes",
        "Breathable Shoes",
        "Flat Slippers",
        "Warm Slippers"
    ],
    "11797": [
        "Diamond Rings",
        "Gold Chain",
        "Gold Earrings",
        "Mens Bracelets",
        "Gold Ring",
        "Mens Rings",
        "Diamond Earrings",
        "Earrings For Men",
        "Gold Necklace",
        "Diamond Necklace",
        "Mens Necklaces",
        "Pearl Necklace",
        "Gold Bracelet",
        "Gold Jewellery",
        "Tassel Earrings",
        "Cross Necklace",
        "Men'S Jewelry",
        "Mens Chains",
        "Pearl Earrings",
        "Purity Ring",
        "Stud Earrings",
        "Diamond Bracelet",
        "Fashion Jewelry",
        "Gold Pendant",
        "Beaded Bracelets"
    ],
    "11848": [
        "Crop Top",
        "T Shirt Printing",
        "Tank Top",
        "Tee Shirt",
        "Collared Shirt",
        "Lace Top",
        "Long Top",
        "Sexy Tops",
        "Top Fashion",
        "Cropped T Shirt",
        "Blouse Neck",
        "Embroidered Shirts",
        "Printed Shirts",
        "Sleeveless Shirt",
        "Casual Shirts",
        "Sleeveless Blouse",
        "Sleeveless Tops",
        "Cotton Shirt",
        "Lace Blouse",
        "Sexy Blouses",
        "Chiffon Tops",
        "Collar Blouse",
        "Embroidered Blouse",
        "Embroidered Top",
        "Chiffon Blouse"
    ],
    "11895": [ 
        "Sports Bra",
        "Floral Dresses",
        "Sexy Dress",
        "Push Up Bra",
        "Lace Dress",
        "Sexy Bra",
        "Sexy Panties",
        "Cotton Dress",
        "Embroidered Dress",
        "Fashion Dress",
        "Lace Bra",
        "Fashion Cup",
        "Thong Panty",
        "Comfortable Bras",
        "Cotton Bras",
        "Sports Dress",
        "Cup Printing",
        "Leopard Dress",
        "Cotton Panties",
        "Seamless Bra",
        "Seamless Panties",
        "Lace Panty",
        "Longbranch",
        "Sports Cup"
    ],
    
    "12124": [
        "Fleece Jacket",
        "Sleeveless Hoodie",
        "Sport Coat",
        "Sports Jacket",
        "Long Coat",
        "Zip Hoodie",
        "Long Jacket",
        "Sweater Hoodie",
        "Top coat",
        "Fleece Hoodie",
        "Long Hoodie",
        "Printed Hoodies",
        "Warm Jackets",
        "Cotton Jacket",
        "Warm Coats",
        "Casual Jacket",
        "Short Jacket",
        "Long Sweatshirt",
        "Sports Hoodies",
        "Zipper Jacket"
    ],

    "11283": [
        "Jacket for Men",
        "Women's Hoodie",
        "White T Shirt Men",
        "Black Pants Men",
        "Fashion Blouses for Women ",
        "Pink Hoodie Women",
        "Pink Hoodie Men",
        "Casual Shirts Men",
        "Baseball Jacket",
        "Leather Jacket",
        "Sport T Shirt",
        "Cotton Shirts",
        "Casual Dresses",
        "Sexy Jean Shorts",
        "Jean Pencil Skirt",
        "Shirt Dress",
        "Sexy Dress",
        "Warm Sweaters"
    ],
    "11877": [
        "Leather Jacket",
        "Hoodie for Men",
        "Baseball Jacket",
        "White T Shirt",
        "Windbreaker Hoodie",
        "Fashion T Shirt",
        "Cotton Jacket",
        "Warm Coat",
        "Casual Pants",
        "Polo T Shirts",
        "Plaid Shirts",
        "Sports Shorts",
        "Shirt Color",
        "Business Shirts",
        "Blazer Suit",
        "Stand Collar Jacket"
    ],
    "11878": [
        "High Waisted Jean ",
        "Casual Dresses",
        "Sexy Dress",
        "Floral Dresses",
        "Sports Bra",
        "Zip Hoodie",
        "Sleeveless Blouse",
        "Chiffon Blouse",
        "Sweater Hoodie",
        "Zipper Jacket",
        "Lace Blouse",
        "Casual Shirts",
        "Embroidered Blouse",
        "Skinny Jeans Leggings",
        "Jean Skirt",
        "High Waisted Trouser Jeans"
    ],
    "12168": [
        "Casual Handbags",
        "Wallet Handbag",
        "Casual Crossbody Bags",
        "Cartoon Suitcase",
        "Shoulder Luggage Bag",
        "Computer Backpack",
        "Waterproof Backpack",
        "Travel Bag",
        "Shoulder Bag",
        "Cosmetic Bag",
        "Casual Shoes",
        "Mens Boots",
        "Walking Shoes",
        "Leather Shoes",
        "Driving Shoes",
        "Fashion Shoes",
        "Popular Shoes",
        "Sandals Shoes",
        "Suede Boots",
        "Loafer Shoes",
        "Outdoor Shoes",
        "Breathable Sandals"
    ],
    "11344": [
        "Pouch Bag",
        "Waterproof Backpack",
        "Casual Backpacks",
        "Outdoor Bag",
        "Large Bag",
        "Soft Handbags",
        "Storage Bags",
        "Shoulder Bag",
        "Clutch Handbags",
        "Canvas Bag",
        "Cute Handbags",
        "Credit Card Wallet",
        "Mobile Wallet",
        "Laptop Backpack",
        "Anti Thief Backpack"
    ],
    "12131": [
        "Hiking Shoes",
        "Basketball Shoes",
        "Canvas Shoes",
        "Sneakers Shoes",
        "Sandals Shoes",
        "Handmade Shoes",
        "Driving Shoes",
        "Snow Boots",
        "Suede Boots",
        "High Boots",
        "Walking Shoes",
        "Business Shoes",
        "Oxford Shoes",
        "Cool Shoes",
        "Outdoor Shoes"
    ],
    "12918": [
        "Phone holder",
        "Strap band for apple watch",
        "3D metal puzzle",
        "Waterproof watch",
        "Running shoes",
        "Long sleeve shirt",
        "Men boots",
        "Men casual shoes",
        "Lace-up shoes",
        "Sports sneakers",
        "Leather jacket",
        "Men's hoodies",
        "Motorcycle helmet",
        "Hiking shoes",
        "Backpack"
    ],
    "12919": [
        "Adapter Charger",
        "Converter",
        "Cable Adapter",
        "Memory Card",
        "Usb Memory Drive",
        "Usb Hub",
        "Mouse",
        "Mouse Pad",
        "Bluetooth Transmitter Receiver"
    ],
    "12920": [
        "Wrench",
        "Screwdriver",
        "Measuring Tape",
        "Module",
        "Password Lock",
        "3D Printer Pla",
        "Soldering Gun",
        "Ruler",
        "Repair Tool"
    ],
    "12921": [
        "Short Sleeve T-Shirts",
        "Sport T-Shirt",
        "3D Print Sweatshirt",
        "Mens Hoodie",
        "Jacket",
        "Pants",
        "Mens Belt",
        "Shorts",
        "Swimsuits"
    ],
    "12922": [
        "Shoes For Men",
        "Sport Shoes",
        "Casual Shoes",
        "Sneakers",
        "Boots",
        "Slippers",
        "Loafers",
        "Socks Shoes",
        "Sandals"
    ],
    "12923": [
        "Travel Backpack",
        "Waterproof Backpack",
        "Handbag",
        "Shoulder Bag",
        "Men Wallet",
        "Men Backpack",
        "Leisure Backpack",
        "Stylish Backpack"
    ],
    "12924": [
        "Paper Watch",
        "Watch For Men",
        "Mechanical Watch",
        "Pocket Watch",
        "Digital Watch",
        "Waterproof Watch",
        "Women Watch",
        "Leather Watch",
        "Watch Band"
    ],
    "12926": [
        "Storage Bag",
        "Folding Knife",
        "Sleeping Bag",
        "Survival Tool",
        "Gloves",
        "Sport Shoes",
        "Yoga"
    ],
    "12927": [
        "Mould Tool",
        "Bottle Opener",
        "Cleaning Tool",
        "Survival Tool",
        "Separator",
        "Sport Shoes",
        "Kitchen Rack"
    ],
    "12929": [
        "Wall Sticker",
        "Led Light",
        "Wall Art",
        "Clock"
    ],
    "12931": [
        "Usb Cable",
        "Phone Cover",
        "Tempered Film"
    ],
    "12932": [
        "Power Bank",
        "Phone Holder",
        "Cover For Phone Cable",
        "Usb Cable",
        "Car Charger",
        "Leather Case"
    ],
    "12933": [
        "Keychain",
        "Action Figure",
        "Cartoon Action Figure"
    ],
    "12934": [
        "Fidger Spinner",
        "Magnetic Mud",
        "Squishy",
        "Water Ballon",
        "Led Mask"
    ],
    "12935": [
        "3D Puzzle",
        "Diy Building Block",
        "Metal Puzzle",
        "Magic Cube",
        "Vehicle Style Toy"
    ],
    "12936": [
        "Plush Toy",
        "Rc Robot"
    ],
    "12937": [
        "Helmet",
        "Face Mask",
        "Headlight",
        "Reversing Mirror"
    ],
    "12938": [
        "Watch Band For Xiaomi",
        "Watch Band For Iphone Watch",
        "Strap Band For Amazfit",
        "Leather Band",
        "Tempered Glass Screen Protector"
    ]
}
