{
    "11283": [
        "Jaqueta para homens",
        "Moletom com Capuz feminino",
        "Camiseta Branco Masculino",
        "Calças Pretas Masculinas",
        "Blusas de moda para mulheres",
        "Moletom Felinino com capuz rosa rosa",
        "Moletom Masculino com capuz rosa",
        "Camisas Casuais Masculinos",
        "Jaqueta de baseball",
        "Jaqueta de Couro",
        "Camiseta Desportivo",
        "Camisas de Algodão",
        "Vestidos Casuais",
        "Shorts de Brim Sexy",
        "Saia De Lápis Jean",
        "Vestido de camisa",
        "Vestido sexy",
        "Casaco Quentes"
    ],
    "11284": [
        "Jaqueta de Gola Alta",
        "Jaquetas Azuis",
        "Jaqueta Preta",
        "Jaqueta Vermelha",
        "Jaqueta de Algodão",
        "Jaqueta na Moda",
        "Jaqueta de Poliéster",
        "Jaqueta de Gola Chinesa",
        "Jaqueta com Multi Bolso",
        "Jaqueta Magra",
        "Jaqueta de Couro",
        "Jaqueta Blusão",
        "Jaqueta Esportiva",
        "Jaqueta de Baseball",
        "Jaqueta com Capuz",
        "Jaqueta Acolchoada",
        "Jaqueta da Primavera",
        "Jaqueta Quentes",
        "Jaqueta de Algodão",
        "Jaquetas Outdoor",
        "Jaqueta com Zipper"
    ],
    "11285": [
        "Moletom com Capuz de Esportes",
        "Moletom com Capuz de Algodão",
        "Moletom com Capuz da Moda",
        "Moletom com Capuz de Couro",
        "Moletom Blusão",
        "Moletom com Zíper",
        "Moletom com Capuz de Baseball",
        "Moletom com Capuz Quente",
        "Moletom com Capuz da Juventude",
        "Moletom com Capuz Grosso",
        "Moletom com Capuz Magro",
        "Moletom de Algodão",
        "Moletom com Capuz de Poliéster",
        "Moletom Esportivo",
        "Moletom de Baseball",
        "Moletom na Moda",
        "Moletom com Capuz de Manga Longda",
        "Jaqueta de Gola Alta",
        "Jaqueta com Multi Bolso",
        "Jaqueta de Manga Longa",
        "Moletom Quente",
        "Moletom da Juventude",
        "Moletom com Capuz ao Ar Livre"
    ],
    "11286": [
        "Camisa de Impressão",
        "Vestido de Camisa",
        "Camisa Para Homens",
        "Camisa de Manga Longa",
        "camisa Xadrez",
        "Camisa de Manga Curta",
        "Camisa Casuais",
        "Camisa de Algodão",
        "Camisa Roxa",
        "Camisa de Cor",
        "Camisa de Verão",
        "Camisa Estilo Negócios",
        "Camisa Justas",
        "Camisa de Manga Longa",
        "Camisa na Moda",
        "Camisa Top",
        "Camisa de Escritório",
        "Camisa de Outono",
        "Camisa Fina"
    ],
    "11288": [
        "Shorts",
        "Shorts Esportivos",
        "Shorts de Algodão",
        "Shorts de Praia",
        "Shorts de Verão",
        "Shorts Rápida",
        "Shorts de Camuflagem",
        "Shorts Casuais",
        "Shorts de Moda",
        "Shorts Masculinas",
        "Shorts de Marca",
        "Shorts Outdoor",
        "Shorts de Bolso",
        "Shorts Secas"
    ],
    "11289": [
        "Calças Pretas",
        "Calças Casuais",
        "Calças Confortáveis",
        "Calças de Algodão",
        "Calças na Moda",
        "Calças de Caqui",
        "Calças Compridas",
        "Calças Largas",
        "Calças Masculinas",
        "Calças de Festa",
        "Calças de Poliéster",
        "Calças Curtas",
        "Calças Finas",
        "Calças Esportivas",
        "Calças Retas",
        "Calças de Verão",
        "Calças  ",
        "Calça Branca",
        "Calças de Negócios",
        "Calças Regulares"
    ],
    "11290": [
        "Camisola Cardigã",
        "Camisola para Homens",
        "Camisola de Lã",
        "Camisola com Capuz",
        "Casaco Camisola",
        "Camisola de Pulôver",
        "Camisola Jaqueta",
        "Camisola Longa",
        "Camisola de Lã",
        "Camisola com Zíper",
        "Camisolas de Moda",
        "Suéteres Quentes",
        "Camisola Solta",
        "Camisola de Xadrez",
        "Camisolas Grossas",
        "Camisola Justa",
        "Camisolas Casuais",
        "Camisolas de Pescoço",
        "Moletom Camisola\n"
    ],
    "11319": [
        "Decoração da Parede da Cozinha",
        "Decoração da Arte da Parede",
        "Decoração de Parede de Metal",
        "Decoração da Parede de Madeira",
        "Decoração da Parede da Flor",
        "Pintura da Arte da Parede",
        "Decoração da Parede de Ouro",
        "Decoração Moderna da Parede",
        "Decoração de Parede",
        "Tinta de Parede Metálica",
        "Decoração de Parede de Prata",
        "Pinturas de Decoração de Parede",
        "Decoração Moderna de Casa",
        "Decoração de Flores para Casa",
        "Decoração Simples de Casa",
        "Decoração de Casa Bonito",
        "Decoração de Casa em Ouro",
        "Arte de Decoração de Casa",
        "Esteiras de Mesa de Plástico",
        "Esteiras de Mesa Decorativas",
        "Esteiras de Mesa de Madeira",
        "Pinturas de Parede de Lona"
    ],
    "11335": [
        "Ternos de Casamento",
        "Ternos do Noivo",
        "Terno Longo",
        "Colete de Terno",
        "Terno de Negócio",
        "Terno Blazer",
        "Terno Ocasional",
        "Terno Fino",
        "Roupa do Terno",
        "Terno de Moda",
        "Ternos Masculinos"
    ],
    "11344": [
        "Saco",
        "Mochila à Prova de Água",
        "Mochila Casual",
        "Bolsas Outdoor",
        "Saco Grande",
        "Bolsas Macias",
        "Sacos de Armazenamento",
        "Bolsa de Ombro",
        "Bolsas de Embreagem",
        "Bolsa de Lona",
        "Bolsas Bonitos",
        "Porta-cartão",
        "Carteira Móvel",
        "Mochila de Notebook",
        "Mochila Anti-roubo"
    ],
    "11629": [
        "Colher de Madeira",
        "Colher de Sopa",
        "Colheres de Bebé",
        "Garfo Colher",
        "Colher Plástico",
        "Colher de Café",
        "Colher Pequena",
        "Colher Japonesa",
        "Palhas e Colher",
        "Colher dos Desenhos Animados",
        "Colher de Arroz",
        "Colher de Cozinha",
        "Colher Longa",
        "Colher Grande",
        "Colher de Aço"
    ],
    "11636": [
        "Pia da Cozinha",
        "Prateleiras de cozinha",
        "Armazenamento de Cozinha",
        "Rack de cozinha",
        "Toalhas de cozinha",
        "Cozinha em casa",
        "Luvas de cozinha",
        "Forno De Cozinha",
        "Padeiros Cozinha",
        "Cozinha Criativa",
        "Desenhos animados de cozinha",
        "Mão da Cozinha",
        "Panelas de Cozinha",
        "Ganchos de Cozinha",
        "Aquecedor de Cozinha",
        "Microondas de Cozinha"
    ],
    "11648": [
        "Limpador de Toalete",
        "Copo de Sucção",
        "Suporte de Escova de Dentes",
        "Suporte de Sucção de Parede",
        "Toalha de Banho",
        "Escova de Banho",
        "Bola de Banho",
        "Banho de Banheira",
        "Cortina de Chuveiro",
        "Cremalheira da Escova de Dentes",
        "Estante de Armazenamento"
    ],
    "11666": [
        "Cão de Estimação",
        "Pet Hamster",
        "Animal de Estimação da Casa",
        "Animais de Estimação Bonitos",
        "Pétalas de Flores",
        "Plástico PET",
        "Pequenos Animais de Estimação",
        "Brinquedos para Animais De Estimação",
        "Urso de estimação",
        "Gatos de Estimação",
        "Filhote de Cachorro",
        "Animais de Estimação da Água"
    ],
    "11715": [
        "Cozinhas DIY",
        "Decoração da Cozinha",
        "Acessórios de Cozinha",
        "Utensílios de Cozinha",
        "Cozinha Cozinhando",
        "Alças de Cozinha",
        "Cozinha em Casa",
        "Cozinha da Moda",
        "Cozinha de Cerveja",
        "Cozinha Creme",
        "Padeiros Cozinha",
        "Cozinha Criativa",
        "Fatiador da Cozinha",
        "Cozinha de Comida",
        "Cozinha de Aço",
        "Cozinha de Fruta",
        "Spell Kitchen"
    ],
    "11718": [
        "Copo de Café",
        "Copo de Chá",
        "Copos Plástico",
        "Copo da Moda",
        "Copo Duplo",
        "Copo de Vidro",
        "Copo Personalizadas",
        "Copo Térmico",
        "Copo de Negócios",
        "Copo Amoroso",
        "Copos Isolados",
        "Copo a Vácuo",
        "Copo de Água",
        "Copo Cerâmico",
        "Copos Bebendo",
        "Copo da Caneca",
        "Copa dos Esportes",
        "Copa dos Desenhos Animados",
        "Logotipo da Copa",
        "Copo de Leite",
        "Taça de Aço",
        "Taça das Crianças",
        "Presentes do Copo"
    ],
    "11725": [
        "Acessórios para Festa",
        "Festa de Aniversário",
        "Decorações de Festa",
        "Festa de Natal",
        "Luzes de Festa",
        "Festa de Casamento",
        "Balões de Festa",
        "Espaços para Festas",
        "Noite de Festa",
        "Festa em Casa",
        "Festa Estreta",
        "Festa do Vinho",
        "Festa Feericamente",
        "LED Festa",
        "Partido DIY",
        "Festa da Moda"
    ],
    "11729": [
        "Garrafas de Armazenamento de Galheteiro de Cozinha",
        "Recipiente de Armazenamento de Vedação",
        "Caixa de Armazenamento de Alimentos",
        "Tanque de Armazenamento",
        "Sacos de Classificação de Roupas",
        "Caixa de Armazenamento de Viagem",
        "Caixa de Armazenamento Criativa",
        "Sacos De Armazenamento",
        "Grande caixa de armazenamento"
    ],
    "11797": [
        "Anéis de Diamante",
        "Corrente de Ouro",
        "Brincos de Ouro",
        "Pulseiras Masculinas",
        "Anel de Ouro",
        "Anéis Masculinos",
        "Brincos de Diamante",
        "Brincos Masculinos",
        "Colar de Ouro",
        "Colar de Diamantes",
        "Colares Masculinos",
        "Colar de Pérolas",
        "Pulseira de Ouro",
        "Joias de Ouro",
        "Brincos de Borla",
        "Colar de Cruz",
        "Jóias Masculinas",
        "Correntes Masculinos",
        "Brincos de Pérola",
        "Anel da pureza",
        "brincos de Garanhão",
        "Pulseira de Diamantes",
        "Jóias da Moda",
        "Pingente de Ouro",
        "Pulseiras de Contas"
    ],
    "11845": [
        "Capa de Celular Impermeável",
        "Casos de Celular de Couro",
        "Casos de Celular de Proteção",
        "Capa de Celular de Silicone",
        "Ventilador Portátil usb",
        "Capa à Prova de Choque de Celular",
        "Capa Transparente de Celular",
        "Capa de Celular na Moda",
        "Capa de Celular dos Desenhos Animados",
        "Pulseira de Couro",
        "Capa Criativa de Celular",
        "Capa Macia de Celualr"
    ],
    "11848": [
        "Top de Colheita",
        "Camiseta Estampado",
        "Tank Top",
        "Camiseta",
        "Camisa de Colarinho",
        "Top Laço",
        "Top Longo",
        "Tops Sexy",
        "Top na Moda",
        "Camiseta Recortado",
        "Blusa Pescoço",
        "Camisas Bordadas",
        "Camisas Estampados",
        "Camisa Sem Mangas",
        "Camisas Casuais",
        "Blusa Sem Mangas",
        "Tops Sem Mangas",
        "Camisa de Algodão",
        "Blusa Renda",
        "Blusas Ssensuais",
        "Tops de Chiffon",
        "Blusa de Colarinho",
        "Blusa Bordada",
        "Top Bordado",
        "Blusa Chiffon"
    ],
    "11849": [
        "Vestido de Camisa",
        "Vestido de Manga Longa",
        "Vestidos Casuais",
        "Vestido Sexy",
        "Camisola Cardigan",
        "Vestido de Moda",
        "Vestido de Malha",
        "Camisola de Gola Rolê",
        "Camisola de Malha",
        "Vestido Gola Rolê",
        "Camisola Pullover",
        "Vestir cardigan",
        "Camisolas Sexy",
        "Casacos Quentes",
        "Vestido Solto",
        "Casaco Cardigan",
        "Casaco Curto",
        "Vestidos com Manga",
        "Casaco Casual",
        "Casacos de Moda",
        "Camisolas de Moda",
        "Camisola de Manga Longa",
        "Camisola Quentes",
        "Vestido de Gola Alta",
        "Casaco de Malha",
        "Camisola Solta",
        "Camisola Curta",
        "Vestido Fino",
        "Vestidos Quentes",
        "Vestido Pullover"
    ],
    "11877": [
        "Jaqueta de Couro",
        "Hoodie Masculino com Capuz",
        "Jaqueta de Baseball",
        "Camiseta Branca",
        "Molotom Contra Vento",
        "Camiseta na Moda",
        "Jaqeuta de Algodão",
        "Jaqueta Quente",
        "Calça casual",
        "Camisas Polo",
        "Camisas xadrez",
        "Calções Esportivos",
        "Camisa Cor",
        "Camisas de negócios",
        "Terno Blazer",
        "Revestimento de gola"
    ],
    "11878": [
        "Cintura Alta Jean",
        "Vestidos casuais",
        "Vestido sexy",
        "Vestidos Às Flores",
        "Sutiã Desportivo",
        "Moletom com Zíper",
        "Blusa Sem Mangas",
        "Blusa Chiffon",
        "Sutiã Desportivo",
        "Moletom com capuz",
        "Casaco com zíper",
        "Blusa Renda",
        "Camisas Casuais",
        "Blusa Bordada",
        "Leggings Jeans Skinny ",
        "Saia de Jeans",
        "Jeans de Cintura Alta"
    ],
    "11889": [
        "Jaqueta de Couro para Mulheres",
        "Casaco de Pele de Mulheres",
        "Cardigans para Mulheres",
        "Jaqueta Blusão",
        "Jaqueta",
        "Cardigã Longa",
        "Casaco de Lã",
        "Casaco Cargigan",
        "Casaco Comprido",
        "Casaco Jaqueta",
        "Jaqueta de Moda",
        "Jaqueta de duvet",
        "Casaco Acolchoado",
        "Casaco de Lã",
        "Casaco Camisola",
        "Casaco com Capuz",
        "Camisola Jaqueta",
        "Casacos Quentes",
        "Casaco de Algodão",
        "Cardigã com Capuz",
        "Casacos Quentes",
        "Jaqueta Casual",
        "Casaco Curto",
        "Cardigã de Lã",
        "Jaqueta com Zíper",
        "Jaqueta Cardigan",
        "Casaco Casual",
        "Cardigan de Algodão"
    ],
    "11895": [
        "Sutiã Desportivo"
    ],
    "11896": [
        "Vestidos Florais"
    ],
    "11897": [
        "Vestido Sexy"
    ],
    "11898": [
        "Mala de Viagem",
        "Lancheira",
        "Bolsa de Ombro",
        "Bolsa de Lavagem",
        "Sacos de Bagagem",
        "Bolsa de lona",
        "Bolsa de Mão",
        "Bolsa de Cosméticos",
        "Bolsa À Prova de Água",
        "Sacola",
        "Sacos de Armazenamento",
        "Sacolas de Pano",
        "Bolsa de Negócios",
        "Bolsas Fofas",
        "Saco do Chave de Carro",
        "Saco dos Desenhos Animados",
        "Bolsas Outdoor",
        "Bolsas Oxford",
        "Sacos Diretos",
        "Bolsa Dobrável",
        "Bolsa de Mãe",
        "Sutiã Push Up",
        "Saco",
        "Mochila à Prova de Água",
        "Mochila Casual",
        "Saco de Geléia",
        "Saco Grande",
        "Bolsas Macias",
        "Sacos de Armazenamento",
        "Bolsa de Ombro",
        "Bolsas de Embreagem",
        "Bolsa de Lona",
        "Bolsas Bonitos",
        "Porta-cartão",
        "Carteira Móvel",
        "Mochila de Notebook",
        "Mochila Anti-roubo",
        "Bolsa de Cosméticos",
        "Mochila Transversal",
        "Bolsa da Forma"
    ],
    "11899": [
        "Porta-cartão",
        "Carteira de Viagem",
        "Carteira de Couro",
        "Carteira de Telefone",
        "Carteira de Moedas",
        "Carteira de Passaporte",
        "Carteira do Celular",
        "Carteira de Dinheiro",
        "Carteira Pequena",
        "Carteira Crossbody",
        "Carteira Fina",
        "Carteiras Casuais",
        "Carteiras Bonitas",
        "Carteira de Bolso com Zíper",
        "Carteira de Chave",
        "Carteira",
        "Carteira dos Desenhos Animados",
        "Carteira de Embreagem",
        "Carteira Longa",
        "Carteira de Identidade",
        "Multi Carteira",
        "Carteira Simples",
        "Carteiras Cruzadas",
        "Carteira ",
        "Carteira de Lona",
        "Carteira com Multifunções",
        "Vestido Renda"
    ],
    "11900": [
        "Sutiã Sexy"
    ],
    "11901": [
        "Calcinha sexy"
    ],
    "11902": [
        "Vestido de algodão"
    ],
    "11903": [
        "Vestido bordado"
    ],
    "11904": [
        "Vestido de moda"
    ],
    "11905": [
        "Sutiã de renda"
    ],
    "11906": [
        "Sutiã da moda"
    ],
    "11907": [
        "Calcinha tanga"
    ],
    "11908": [
        "Sutiãs Confortáveis"
    ],
    "11909": [
        "Sutiãs de Algodão"
    ],
    "11910": [
        "Vestido esportivo"
    ],
    "11911": [
        "Taça de Impressão"
    ],
    "11912": [
        "Leopardo Vestido"
    ],
    "11913": [
        "Calcinha de algodão"
    ],
    "11914": [
        "Sutiã sem costuras"
    ],
    "11915": [
        "Calcinha Sem Costura"
    ],
    "11916": [
        "Calcinha de renda"
    ],
    "11917": [
        "Longbranch"
    ],
    "11918": [
        "Sutiã Desportes"
    ],
    "11926": [
        "Camiseta de Polo",
        "Camiseta Luva Longa ",
        "Camiseta\n",
        "Camiseta com Gola\n",
        "Camiseta Ginástica",
        "Camisetas de Manga Curta",
        "Camisetas Impressas",
        "Camisetas Casuais",
        "Camiseta de Algodão",
        "Camiseta de Esporte ",
        "Camiseta de Poliéster ",
        "Camiseta de Verão ",
        "Camiseta Justa",
        "Camiseta Branca",
        "Camiseta na Moda",
        "Camiseta Top"
    ],
    "12095": [
        "Camiseta Feminina com Impressão",
        "Vestido de Camisa",
        "Camisas de Manga Comprida",
        "Camisa Branca Feminina",
        "Camisas de Xadrez",
        "Blusa de Gola à Barco ",
        "Blusa Branca",
        "Camisa às Riscas",
        "Camisas Feminios",
        "Camisas Bonitas",
        "Camisas de Manga Curta",
        "Camisas Bordadas",
        "Camisa Floral",
        "Camisas Estampado",
        "Camisa sem Mangas",
        "Camisas Casuais",
        "Blusa sem Mangas",
        "Camisa de Algodão",
        "Blusa de Renda",
        "Camisa Roxa",
        "Blusas Sensuais",
        "Camisa Jaqueta",
        "Blusa de Chiffon",
        "Blusa de Gola de Babado"
    ],
    "12119": [
        "Shorts Jean de Cintura Alta",
        "Saia Jean de Lápis",
        "Shorts Jean ",
        "Saia Jean",
        "Jean Sexy",
        "Jeans Curtas ",
        "Shorts Denim Jean",
        "Leggings Jeans de Cintura Alta",
        "Jeans Skinny Curtos",
        "Jeans de Cintura Alta",
        "Jean Yoga",
        "Jeans de Cintura Alta",
        "Leggings Stretch Jean",
        "Jeans Denim Trouser",
        "Jean Harem",
        "Leggings Jeans Skinny ",
        "Jean Stretch",
        "Jeans Curta na Moda "
    ],
    "12124": [
        "Jaqueta de Lã",
        "Moletom sem Manga",
        "Casaco Desportivo",
        "Jaqueta Desportiva",
        "Casaco Longo",
        "Moletom com Zíper",
        "Jaqueta Longa",
        "Camisola com Capuz",
        "Casaco Top",
        "Moletom do Velo",
        "Moletom Longo",
        "Moletom Estampado",
        "Jaqueta Quente",
        "Jaqurta de Algodão",
        "Jaqueta Quentes",
        "Jaqueta Casual",
        "Jaqueta Curto",
        "Camisola Manga Longa",
        "Moeltom com Capuz Desportivos",
        "Jaqeuta com zíper"
    ],
    "12131": [
        "Sapatos de Passeio",
        "Sapatos de Basquetebol",
        "Sapatos de Lona",
        "Tênis",
        "Sandálias",
        "Sapato Artesanal",
        "Sapatos de Condução",
        "Botas de Neve",
        "Botas de Camurça",
        "Botas Altas",
        "Sapatos para caminhar",
        "Sapatos Estilo Negócio",
        "Sapatos Oxford",
        "Sapatos Legais",
        "Sapatos Ourdoor"
    ],
    "12132": [
        "Sapatos de Rede",
        "Sapatos para Homens",
        "Sapatos de Basquete",
        "Sapatos de Corrida",
        "Sapatos Desportivo",
        "Sapatos de Patim ",
        "Sapatos de Loafer",
        "Sapatos de Oxford",
        "Cadarços",
        "Sapatos de Vestido",
        "Sapatos Rasos",
        "Sapatos de Caminhada",
        "Sapatos de Lona",
        "Sapatos de Caminhada",
        "Sapatos Casuais",
        "Sapatos Legais",
        "Sapatos de Couro",
        "Botas de Sapato",
        "Sapatilhas Tênis",
        "Sapatilhas",
        "Sapatos de Ar",
        "Sapatos de Camurça",
        "Sapatos da Praia",
        "Sapatos de Condução",
        "Sapatos da Moda",
        "Sapatos Fly ",
        "Sapatos Leves",
        "Sapatos Retrô",
        "Sapatos Sandálias ",
        "Sapatos Populares",
        "Sapatos de Mocassim",
        "Sapatos na Moda",
        "Sapatos Simples",
        "Sapatos Chinelo ",
        "Sapatos Macios",
        "Sapatos Amarrando ",
        "Sapatos Confortável ",
        "Sapatos Artesanais",
        "Sapatos Top"
    ],
    "12135": [
        "Sapatos Mulheres",
        "Sandálias Femininas",
        "Chinelos Femininos",
        "Sapatos Lixas",
        "Sandálias de Salto Alto",
        "Sapatos Casuais",
        "Sapatos Confortáveis",
        "Sapatos de Couro",
        "Sandálias Planas",
        "Sapatos de Saltos Bombas",
        "Saltos de Salto Alto",
        "Sapatos de Neve",
        "Sandálias Confortáveis",
        "Sapatos da moda",
        "Sandálias de couro",
        "Botas Casuais",
        "Chinelos de Salto",
        "Chinelos De Couro",
        "Sandálias De Moda",
        "Sapatos de Salto Alto",
        "Respirável Tênis",
        "Chinelos",
        "Chinelos Quentes"
    ],
    "12168": [
        "Bolsas Casuais",
        "Bolsa Carteira",
        "Bolsas Crossbody Casual ",
        "Mala dos Dsenhos Animados",
        "Mala de Ombro",
        "Mochila para Computador",
        "Mochila à Prova de Água",
        "Bolsa de Viagem",
        "Bolsa de Ombro",
        "Bolsa de Cosméticos",
        "Sapatos Casuais",
        "Botas Masculinas",
        "Sapatos de Caminhada",
        "Sapatos de couro",
        "Sapatos de Condução",
        "Sapatos da moda",
        "Sapatos Populares",
        "Sandálias",
        "Botas de Camurça",
        "Sapatos Loafer",
        "Sapatos Outdoor",
        "Sandálias Respiráveis"
    ],
    "12188": [
        "Pendurando Pastas de Arquivos",
        "Armário de madeira",
        "Molduras de madeira",
        "Moldura Simples",
        "Armário de Plástico",
        "Molduras Penduradas",
        "Pastas de Arquivos de Plástico",
        "Molduras para Fotos de Desenhos Animados",
        "Molduras da Foto da Lona",
        "Molduras Criativas",
        "Pasta de Arquivo de Couro",
        "Armário Portátil",
        "Armário de papelaria",
        "Moldura Transparente",
        "Armário de Pendurar",
        "Suporte para Arquivo Suspenso",
        "Moldura de Couro",
        "Suporte para Arquivo de Plástico",
        "Molduras Plásticas",
        "Pastas de arquivos verticais"
    ],
    "12271": [
        "Botas de Tornozelo",
        "Botas Masculinas",
        "Botas de Trabalho",
        "Botas de Neve",
        "Botas de Sapato",
        "Botas de Pele",
        "Botas de Couro",
        "Botas Planas",
        "Botas de Camurça",
        "Botas com Laços",
        "Botas Altas",
        "Botas Curtas",
        "Botas da Moda",
        "Botas Quentes",
        "Marcas de Botas",
        "Botas Casuais",
        "Botas Confortáveis"
    ],
    "12274": [
        "Sandálias Planas",
        "Desenho de Sandálias",
        "Sandálias de Couro",
        "Sandálias de Caminhada",
        "Sandálias de Praia",
        "Sandálias Confortáveis",
        "Sandálias",
        "Marcas de Sandálias",
        "Sandálias Coreanas",
        "Sandálias de Lona",
        "Sandálias Loafer",
        "Sandálias Juvenis",
        "Sandálias Insolentes",
        "Sandálias Respiráveis"
    ],
    "12275": [
        "Chinelos de Couro",
        "Sandália Chinelo",
        "Chinelos de Designer",
        "Chinelos em Casa",
        "Chinelos Legais",
        "Chinelos Planas",
        "Chinelos de Moda",
        "Chinelos Antiderrapantes",
        "Chinelos Casais",
        "Chinelos Casuais"
    ],
    "12322": [
        "Mochilas Escolares",
        "Bolsa de Viagem",
        "Bolsa de Notebook",
        "Bolsa de Ombro",
        "Mochila de Viagem",
        "Mochila para Notebook",
        "Mochila de Couro",
        "Mochila Impermeável",
        "Saco de Faculdade",
        "Saco de Esportes",
        "Saco de Lona",
        "Mochilas de Moda",
        "Mochila de Megócios",
        "Mochila de Computador",
        "Mochilas Grandes",
        "Saco de Nylon",
        "Mochila Outdoor",
        "Mochila de Nylon",
        "Mochila dos Desenhos Animados",
        "Bolsas Oxford",
        "Mochilas Casuais",
        "Saco Duplo",
        "Saco de Montanha",
        "Mochila Transversal",
        "Mochila Simples",
        "Mochila do Escola"
    ],
    "12323": [
        "Bolsa Crossbody Para Homens",
        "Bolsa Crossbody de Couro",
        "Bolsa Crossbody Para Viagens",
        "Bolsa Crossbody Pequena",
        "Bolsa Crossbody de Lonas",
        "Mochila Transversal",
        "Bolsa Crossbody",
        "Sacola Crossbody",
        "Bolsa Crossbody Desportivo",
        "Bolsa Crossbody Impermeável",
        "Bolsa Crossbody Vintage",
        "Bolsa Crossbody Casual",
        "Sacola Crossbody",
        "Bolsa crossbody",
        "Bolsas Crossbody de Moda",
        "Bolsa Crossbody Simples",
        "Bolsa Crossbody Outdoor",
        "Bolsa Retro Crossbody",
        "Bolsa Crossbody PU",
        "Bolsa Crossbody Pochete",
        "Bolsa Crossbody"
    ],
    "12324": [
        "Bolsas de Couro",
        "Bolsas Masculinas",
        "Bolso Mochila",
        "Bolsas Crossbody",
        "Bolsas de Viagem",
        "Bolsas para Notebook",
        "Bolsas da Sacola",
        "Bolsas de Lona",
        "Bolsas de Ombro",
        "Bolsas de Moda",
        "Bolsas Casuais",
        "Sacos Longos",
        "Bolsa de Mão",
        "Bolsas Cruzadas",
        "Bolsa de Carteira",
        "Bolsas Simples",
        "Bolsa de Negócios",
        "Bolsas com Zíperes ",
        "Bolsas Mensageiro",
        "Pasta",
        "Bolsa de Notebook",
        "Bolsas com Grande Capacidade",
        "Bolsas Genuínas"
    ],
    "12325": [
        "Bolsa de Cintura para Homem",
        "Bolsa de Cintura em Couro",
        "Bolsa de Cinto",
        "Bolsa de Cintura Corrida",
        "Bolsa de Cintura de Viagem",
        "Bolsa de Cintura na Moda",
        "Bolsa de Cintura Tática",
        "Bolsa de Cintura Impermeável",
        "Bolsa de Cintura de Esporte  ",
        "Bolsa de Cintura Pequena",
        "Bolsa de Ombro",
        "Bolsa de Cintura Grande ",
        "Bolsa de Cintura de Dinheiro",
        "Bolsa de Cintura de Lona",
        "Bolsa de Cintura ao Ar Livre",
        "Bolsa de Cintura Fanny",
        "Bolsa de Cintura de Telefone",
        "Bolsa de Cintura Casual"
    ],
    "12371": [
        "Sapatos de Casamento",
        "Sapatos Loafer ",
        "Sapatos de Oxford",
        "Cadarços",
        "Sapatos de Vestido",
        "Sapatos Rasos",
        "Sapatos Casuais",
        "Sapatos Legais",
        "Sapatos Formais",
        "Sapatos de couro",
        "Sapatos de Dedos",
        "Sapatos de Condução",
        "Sapatos na Moda",
        "Sapatos Macios",
        "Sapatos Confortáveis ",
        "Sapatos Artesanais",
        "Sapatos Outdoor",
        "Sapatos Clássicos",
        "Sapatos Pontudos",
        "Sapatos Respiráveis"
    ],
    "12400": [
        "Mochilas Para A Escola",
        "Mochila de Viagem",
        "Mochila para Laptop",
        "Mochila de Couro",
        "Mochila Pequena",
        "Mochila Impermeável",
        "Mochilas Bonitos",
        "Mochilas Universitárias",
        "Mochila de Mona",
        "Mochilas",
        "Mochila mochila",
        "Mochila para Computador",
        "Mochilas Grandes",
        "Mochila para Crianças",
        "Mochilas Pequenas",
        "Mochila Outdoor",
        "Mochila de Nylon",
        "Mochila dos Desenhos Animados",
        "Mochila do Estudante",
        "Mochilas Casuais",
        "Mochila de Ombro",
        "Mochila Simples",
        "Mochila do Campus",
        "Mochila Júnior"
    ],
    "12401": [
        "Bolsas Crossbody",
        "Bolsa Mensageiro",
        "Bosla Crossbody Ombro",
        "Bolsa Crossbody Grande",
        "Bolsa Crossbody para Mulheres",
        "Bolsas Crossbody de Couro",
        "Saco de Balde",
        "Bolsa de Lona",
        "Bolsa",
        "Sacola",
        "Bolso",
        "Saco Crossbody Moda",
        "Sacos de Embalagem",
        "Bolsa Cruz",
        "Bosla de Geléia",
        "Bolsa Transparente",
        "Bolsa Cadeia Crossbody",
        "Bolsas Fofas",
        "Saco Grande",
        "Sacola do Celular",
        "Sacos de Embalagem",
        "Tendência em Bolsa",
        "Bolsa Diretos",
        "Bolsa de Lantejoulas",
        "Bolsas Crossbody Casual ",
        "Bolsa Simples",
        "Bolsa Quadrada"
    ],
    "12404": [
        "Sacola Tote",
        "Bolsas Crossbody",
        "Bolsa Mensageiro",
        "Bolsa de Ombro",
        "Bolsas de Embreagem",
        "Bolsas De Couro",
        "Bolsas de marca",
        "Bolsas de balde",
        "Bolsa de lona",
        "Sacola",
        "Sacos de luxo",
        "Bolsas Pequenas",
        "Saco de Designer",
        "Bolsas De Moda",
        "Bolsas Cruzadas",
        "Bolsas Vintage",
        "Bolsas bonitos",
        "Bolsas da bolsa",
        "Saco Grande",
        "Bolsas de Embalagem",
        "Bolsa de Borla",
        "Tendência de Bolsa",
        "Bolsas de Crocodilo",
        "Bolsas Casuais",
        "Bolsas Clássicas",
        "Bosla Elegância",
        "Bolsa de Mão",
        "Bolsas de Mãe",
        "Bolsas Simples",
        "Bolsas Macias"
    ],
    "12407": [
        "Porta-cartão",
        "Carteira de couro",
        "Carteira Móvel",
        "Carteira Chain",
        "Carteira de moedas",
        "Carteira de passaporte",
        "Carteira do telefone",
        "Carteira de dinheiro",
        "Bolsa de carteira",
        "Carteiras Bonitas",
        "Carteira com Zíper",
        "Carteira Chave",
        "Carteira de bolso",
        "Capa de Carteira",
        "Carteira dos Desenhos Aanimados",
        "Carteira de Embreagem",
        "Carteira Longa",
        "Multi Carteira",
        "Carteira Simples",
        "Carteira de Lona",
        "Carteira Grande",
        "Padrão de Carteira",
        "Carteira de Chave de Carro",
        "Carteira de Moda"
    ],
    "12409": [
        "Malas de Viagem das Crianças",
        "Malas de Viagem",
        "Mala de Mochila",
        "Mala de Bagagem",
        "Mala dos Desenhos Animados",
        "Mala de Tronco",
        "Mala de Negócios",
        "Malas com rodas",
        "Mala de Viagem",
        "Mala Impermeável",
        "Mala Masculina",
        "Mala na Moda",
        "Mala Dobrável",
        "Mala Mochila",
        "Mala de Lona",
        "Mala de Lazer",
        "Mala de Lona",
        "Mala de Desporto",
        "Mala de Viagem",
        "Mala de Ombro",
        "Mala de Nylon",
        "Mala Estilo Negócios",
        "Mala de Viagem Portátil",
        "Mala Desportivo"
    ],
    "12450": [
        "Sapatos Loafer",
        "Sapatos de Primavera",
        "Cadarços",
        "Sapatos de Lona",
        "Sapatos de Caminhada",
        "Sapatos Casuais",
        "Sapatos de Couro",
        "Sapatos de Camurça",
        "Sapatos de Verão",
        "Sapatos de Condução",
        "Sapatos de Mocassim",
        "Sapatos na Moda",
        "Sapatos Confortáveis ",
        "Sapatos Artesanais",
        "Sapatos Coreanos",
        "Sapatos Desportivos",
        "Sapatos Respiráveis",
        "Sapatos de Negócios",
        "Sapatos"
    ]
}