{
    "11283": [
        "Veste pour Homme",
        "Sweat à Capuche pour Femme",
        "T-shirt Blanc pour Homme",
        "Pantalon Noir pour Homme",
        "Blouses de Mode pour Femme",
        "Sweat à Capuche Rose pour Femme",
        "Sweat à Capuche Rose pour Homme",
        "Chemises Décontractées pour Homme",
        "Veste de Baseball",
        "Veste de Cuir",
        "T-shirt de Sport",
        "Chemises en Coton",
        "Robes Décontractées",
        "Short en Jean Sexy",
        "Jupe de Crayon en Jean",
        "Robe de Chemise",
        "Robe Sexy",
        "Chandails Chauds"
    ],
    "11284": [
        "Veste à Col Droit",
        "Vestes Bleues",
        "Veste Noire",
        "Veste Rouge",
        "Veste en Coton",
        "Vestes de Mode",
        "Veste en Polyester",
        "Veste à Col Mandarin",
        "Veste à Poches Multiples",
        "Veste Mince",
        "Veste en Cuir",
        "Veste Coupe-vent",
        "Veste de Sports",
        "Veste de Baseball",
        "Veste à Capuche",
        "Veste Matelassée",
        "Veste de Printemps",
        "Vestes Chaudes",
        "Veste en Coton",
        "Vestes Extérieures",
        "Veste à Fermeture Éclair"
    ],
    "11285": [
        "Veste à Capuche de Sports",
        "Veste à Capuche en Coton",
        "Veste à Capuche de Mode",
        "Veste à Capuche en Cuir",
        "Veste à Capuche Coupe-vent",
        "Veste à Capuche à Fermeture Éclair",
        "Veste à Capuche de Baseball",
        "Veste à Capuches Chaude",
        "Veste à Capuches de Jeune",
        "Veste à Capuches Épaise",
        "Veste à Capuches Mince",
        "Sweat-shirts en Coton",
        "Veste à Capuches en Polyester",
        "Sweat-shirts de Sports",
        "Sweat-shirts de Baseball",
        "Sweat-shirts de Mode",
        "Veste à Capuches à Manches Longues",
        "Veste à Col Droit",
        "Veste à Poches Multiples",
        "Veste à Manches Longues",
        "Sweat-shirts Chauds ",
        "Sweat-shirts de Jeune",
        "Veste à Capuches en Plein Air"
    ],
    "11286": [
        "Chemise Imprimée",
        "Robe Chemise",
        "Chemises Pour Hommes",
        "Chemises à Manches Longues",
        "Chemises à Carreaux",
        "Chemises à Manches Courtes",
        "Chemises Décontractées",
        "Chemise en Coton",
        "Chemise Violette",
        "Chemise de Couleur",
        "Chemises d'Été",
        "Chemises s'Affaires",
        "Chemises Ajustées",
        "Chemise à Manches Longues",
        "Chemise de Mode",
        "Top Chemise",
        "Chemises de Bureau",
        "Chemises d'Automne",
        "Chemise Mince"
    ],
    "11288": [
        "Pantalons Courts",
        "Shorts de Sports",
        "Shorts en Coton",
        "Shorts de Plage",
        "Shorts d'Été",
        "Shorts Rapides",
        "Shorts de Camouflage",
        "Shorts Décontractées",
        "Shorts de Mode",
        "Shorts Pour Homme",
        "Shorts de Marque",
        "Shorts d'Extérieur",
        "Shorts à Poche",
        "Shorts Sec"
    ],
    "11289": [
        "Pantalons Noirs",
        "Pantalons Décontractés",
        "Pantalons Confortables",
        "Pantalons en Coton",
        "Pantalons de Mode",
        "Pantalons Kakis",
        "Pantalons Longues",
        "Pantalon Lâche",
        "Pantalons pour Hommes",
        "Pantalons de Fête",
        "Pantalon en Polyester",
        "Pantalons Courts",
        "Pantalon Minces",
        "Pantalons de Sports",
        "Pantalons Droits",
        "Pantalons d'Été",
        "Pantalons",
        "Pantalons Blancs",
        "Pantalons d'Affaires",
        "Pantalons Réguliers"
    ],
    "11290": [
        "Pull Cardigan ",
        "Pull Pour Hommes",
        "Pull en Laine",
        "Pull à Capuche",
        "Manteau Pull",
        "Pull-over",
        "Veste Pull",
        "Pull Long",
        "Pull en Laine",
        "Pull à Fermetures à Glissière",
        "Pull de Mode",
        "Pull Chauds",
        "Pull Lâche",
        "Pull à Carreaux",
        "Pull Épais",
        "Pull Ajusté",
        "Pulls Décontractés",
        "Pull à Col",
        "Pull Molletonné"
    ],
    "11319": [
        "Décoration Murale de Cuisine",
        "Décor d'Art Mural",
        "Décoration Murale en Métal",
        "Décoration Murale en Bois",
        "Décoration Murale de Fleurs",
        "Peinture Murale",
        "Décoration Mural Doré",
        "Décoration Mural Moderne",
        "Décoration de Tenture",
        "Peinture Murale Métallique",
        "Décoration Mural Argenté",
        "Peintures Murales",
        "Décoration de Maison Moderne",
        "Décoration Florale Pour La Maison",
        "Décoration de Maison Simple",
        "Décoration de Maison Mignonne",
        "Décoration de Maison d'Or",
        "Art de Décoration à Maison",
        "Tapis de Table en Plastique",
        "Tapis de Table Décoratifs",
        "Tapis de Table en Bois",
        "Peintures Murales en Toile"
    ],
    "11335": [
        "Costumes de Mariage",
        "Costumes de Marié",
        "Costume Long",
        "Gilet de Costume",
        "Costume d'Affaires",
        "Costume de Blazer",
        "Costume Décontracté",
        "Costume Mince",
        "Costume",
        "Costume de Mode",
        "Costumes Pour Hommes"
    ],
    "11344": [
        "Sac de Poche",
        "Sac à Dos Etanche",
        "Sacs à Dos Occasionnels",
        "Sac Extérieur",
        "Grand Sac",
        "Sacs à Main Souples",
        "Sacs de Rangement",
        "Sac d'Epaule",
        "Sacs à Main d'Embrayage",
        "Sac en Toile",
        "Sacs à Main Mignons",
        "Portefeuille de Carte de Crédit",
        "Portefeuille Mobile",
        "Sac à Dos pour Ordinateur Portable",
        "Sac à Dos Anti-Vol"
    ],
    "11629": [
        "Cuillère en Bois",
        "Cuillère à Soupe",
        "Cuillère Bébé",
        "Fourchette Cuillère",
        "Cuillère en Plastique",
        "Cuillère à Café",
        "Petite Cuillère",
        "Cuillère Japonaise",
        "Cuillère Pailles",
        "Cuillère de Dessin Animé",
        "Cuillère à Riz",
        "Cuillère de Cuisine",
        "Cuillère Longue",
        "Grande Cuillère",
        "Cuillère en Acier"
    ],
    "11636": [
        "Évier de Cuisine",
        "Étagères de Cuisine",
        "Stockage de Cuisine",
        "Grille de Cuisine",
        "Torchons de Cuisine",
        "Cuisine Domestique",
        "Gants de Cuisine",
        "Four de Cuisine",
        "Cuisine de Boulangers",
        "Cuisine Créative",
        "Cuisine de Dessin Animé",
        "Main de Cuisine",
        "Pots de Cuisine",
        "Crochets de Cuisine",
        "Chauffe-eau de Cuisine",
        "Four à Micro-Ondes de Cuisine"
    ],
    "11648": [
        "Nettoyeur de Toilette",
        "Tasse Ventouse",
        "Support de Brosse à Dents",
        "Support de Ventouse Murale",
        "Serviette de Bain",
        "Brosse de Bain",
        "Boule de Bain",
        "Bain Douche",
        "Rideau de Douche",
        "Porte-Brosse à Dents",
        "Étagère de Rangement"
    ],
    "11666": [
        "Chien de Compagnie",
        "Animal de Compagnie de Hamster",
        "Animaux Domestiques",
        "Animaux Mignons",
        "Pétales de Fleur",
        "Animaux en Plastique",
        "Petits Animaux",
        "Jouets d'Animaux",
        "Ours de Compagnie",
        "Chats de Compagnie",
        "Chiot de Compagnie",
        "Animaux Aquatiques"
    ],
    "11715": [
        "Cuisine DIY",
        "Décor de Cuisine",
        "Accessoires de Cuisine",
        "Outils de Cuisine",
        "Cuisine",
        "Poignées Cuisine",
        "Maison Cuisine",
        "Cuisine à la Mode",
        "Bière Cuisine",
        "Crème Cuisine",
        "Boulangers Cuisine",
        "Cuisine Créative",
        "Trancheur Cuisine",
        "Nourriture Cuisine",
        "Acier Cuisine",
        "Fruits Cuisine ",
        "Cuisine des Sorts"
    ],
    "11718": [
        "Tasse à Café",
        "Tasse à Thé",
        "Tasses en Plastique",
        "Tasse à la Mode",
        "Double Tasse",
        "Tasse en Verre",
        "Tasses Personnalisées",
        "Tasse Thermos",
        "Tasse d'Affaires",
        "Tasse d'Amour",
        "Tasse Isolées",
        "Tasse sous Vide",
        "Tasse d'Eau",
        "Tasse en Céramique",
        "Tasse à Boire",
        "Tasse Mug",
        "Tasse de Sport",
        "Tasse en Bande dessinée",
        "Tasse Logo",
        "Tasse à Lait",
        "Tasse en Acier",
        "Tasse Enfants",
        "Tasse Cadeau "
    ],
    "11725": [
        "Articles de Fête",
        "Fête d'Anniversaire",
        "Décorations de Fête",
        "Fête de Noël",
        "Lumières de Fête",
        "Fête de Mariage",
        "Ballons de Fête",
        "Lieux de Fête",
        "Soirée",
        "Fête Domestique",
        "Fête des Etoiles",
        "Fête du Vin",
        "Fête de Fée",
        "LED de Fête",
        "Fête de Bricolage",
        "Fête à la Mode"
    ],
    "11729": [
        "Bouteilles de Stockage de Burette de Cuisine",
        "Conteneur de Stockage à Phoques",
        "Boîte de Conservation des Aliments",
        "Réservoir de Stockage",
        "Sacs à Tri de Vêtements",
        "Boîte de Rangement de Voyage",
        "Boîte de Rangement Créative",
        "Sacs de Rangement",
        "Grande Boîte de Rangement"
    ],
    "11797": [
        "Bagues en Diamant",
        "Chaîne en Or",
        "Boucles d'Oreilles en Or",
        "Bracelets pour Homme",
        "Bague en Or",
        "Bagues pour Homme",
        "Boucles d'Oreille en Ddiamant",
        "Boucles d'Oreilles pour Homme",
        "Collier en Or",
        "Collier de Diamant",
        "Colliers pour Homme",
        "Collier de Perles",
        "Bracelet en Or",
        "Bijoux en Or",
        "Boucles d'Oreilles Pompon",
        "Collier à Croix",
        "Bijoux pour Homme",
        "Chaînes pour Homme",
        "Boucles d'Oreilles de Perle",
        "Anneau de Pureté",
        "Boucles d'Oreilles",
        "Bracelet de Diamant",
        "Bijoux de Mode",
        "Pendentif en Or",
        "Bracelets Perlés"
    ],
    "11845": [
        "Etui de Téléphone Etanche",
        "Etui de Téléphone en Cuir",
        "Etui de Téléphone de Protection",
        "Etui de Téléphone en Silicone",
        "Ventilateur Portable USB",
        "Etui de Téléphone Anti-Choc",
        "Etui de Téléphone Transparent",
        "Etui de Téléphone à la Mode",
        "Etui de Téléphone de Dessin Animé",
        "Bracelet en Cuir",
        "Etui de Téléphone Créatif",
        "Etui de Téléphone Souple"
    ],
    "11848": [
        "Haut du Fourreau",
        "Impression de T-shirt",
        "Débardeur",
        "Tee Shirt",
        "Chemise à Col",
        "Haut en Dentelle",
        "Haut Long",
        "Haut Sexuel",
        "Haut de Mode",
        "T-shirt Court",
        "Cou de Blouse",
        "Chemises Brodées",
        "Chemises Imprimées",
        "T-shirt Sans Manches",
        "Chemises Décontractées",
        "Chemisier Sans Manches",
        "Hauts Sans Manches",
        "Chemise en Coton",
        "Chemisier en Dentelle",
        "Blouses Sexuelles",
        "Haut en Mousseline",
        "Chemisier à Col",
        "Chemisier Brodé",
        "Haut Brodé",
        "Chemisier en Mousseline"
    ],
    "11849": [
        "Robe Chemise",
        "Robe à Manches Longues",
        "Robes décontractées",
        "Robe Sexy",
        "Cardigan ",
        "Robe à la Mode",
        "Robe Tricotée",
        "Chandail à Col Roulé",
        "Pull en Tricot",
        "Robe à Col Roulé",
        "Sweatshirt Pull",
        "Robe Cardigan",
        "Pull Sexuel",
        "Manteaux Chauds",
        "Robe Ample",
        "Manteaux Cardigan",
        "Manteau Court",
        "Robes avec Manches",
        "Manteau Décontracté",
        "Manteaux de Mode",
        "Pull de Mode",
        "Pull à Manches Longues",
        "Chandails Chauds",
        "Robe à Col Haut",
        "Manteau Tricoté",
        "Pull Ample",
        "Pull Court",
        "Robe Mince",
        "Robes Chaudes",
        "Robe Pull"
    ],
    "11877": [
        "Veste de Cuir",
        "Sweat à Capuche pour Homme",
        "Veste de Baseball",
        "T-shirt Blanc",
        "Sweat à Capuche Coupe-Vent",
        "T-shirt de Mode",
        "Veste en Coton",
        "Manteau Chaud",
        "Pantalons Décontractés",
        "T-shirts Polo",
        "Chemises à Carreaux",
        "Shorts de Sport",
        "Couleur de Chemise",
        "Chemises d'Affaires",
        "Costume de Blazer",
        "Veste à Col Montant"
    ],
    "11878": [
        "Jean de Taille Haute",
        "Robes Décontractées",
        "Robe Sexy",
        "Robes Florales",
        "Soutien-Gorge de Sport",
        "Sweat à Capuche Zippé",
        "Chemisier Sans Manches",
        "Chemisier en Mousseline",
        "Soutien-Gorge de Sport",
        "Sweat à Capuche",
        "Veste Zippée",
        "Chemisier en Dentelle",
        "Chemises Décontractées",
        "Chemisier Brodé",
        "Leggings de Jeans Moulants",
        "Jupe de Jean",
        "Pantalon de Taille Haute"
    ],
    "11889": [
        "Veste en Cuir pour Femmes",
        "Manteau de Fourrure",
        "Cardigans Pour Femmes",
        "Veste Coupe-Vent",
        "Doudoune",
        "Cardigan Long",
        "Manteau de Laine",
        "Cardigan Pull",
        "Manteau Long",
        "Parka",
        "Veste à la Mode",
        "Manteau de Duvet",
        "Manteau Rembourré",
        "Veste en Laine",
        "Manteau de Chandail",
        "Manteau à Capuche",
        "Veste Pull",
        "Vestes Chaudes",
        "Veste en Coton",
        "Cardigan à Capuche",
        "Manteaux Chauds",
        "Veste Décontractée",
        "Veste Courte",
        "Cardigan en Laine",
        "Veste Zippée",
        "Veste de Cardigan",
        "Manteau Décontracté",
        "Cardigan en Coton"
    ],
    "11895": [
        "Soutien-Gorge de Sport"
    ],
    "11896": [
        "Robes Florales"
    ],
    "11897": [
        "Robe Sexy"
    ],
    "11898": [
        "Sac de Voyage",
        "Sac à Lunch",
        "Sac à Bandoulière",
        "Lavabo",
        "Sacs à Bagages",
        "Sac En Toile",
        "Sac à Main",
        "Trousse de Maquillage",
        "Sac Etanche",
        "Sac de Poche",
        "Sacs de Rangement",
        "Sacs en Tissu",
        "Sac d'Affaires",
        "Sacs Mignons",
        "Sac de Voiture",
        "Sac de Bande Dessinée",
        "Sac Extérieur",
        "Sacs en Oxford",
        "Sac Direct",
        "Sac Pliant",
        "Sac de Mère",
        "Soutien-Gorge Ppigeonnant",
        "Sac de Poche",
        "Sac à Dos Etanche",
        "Sacs à Dos Occasionnels",
        "Sac de Gelée",
        "Grand Sac",
        "Sacs à Main Souples",
        "Sacs de Rangement",
        "Sac d'Epaule",
        "Sacs à Main d'Embrayage",
        "Sac en Toile",
        "Sacs à Main Mignons",
        "Portefeuille de Carte de Crédit",
        "Portefeuille Mobile",
        "Sac à Dos pour Oordinateur Portable",
        "Sac à Dos Anti-Vol",
        "Sac de Maquillage",
        "Sacs à Bandoulière",
        "Sac à Main de Mode"
    ],
    "11899": [
        "Portefeuille de Carte de Crédit",
        "Portefeuille de Voyage",
        "Porte-feuille en Cuir",
        "Portefeuille de Téléphone Portable",
        "Porte-Monnaie",
        "Portefeuille de Passeport",
        "Portefeuille de Téléphone",
        "Portefeuille",
        "Petit Portefeuille",
        "Portefeuille Bandoulière\n",
        "Portefeuille Mince",
        "Portefeuilles Décontractée",
        "Portefeuilles Mignons",
        "Portefeuille Poche Zippée\n",
        "Porte-Clés",
        "Étui Portefeuille",
        "Portefeuille Dessin Animé\n",
        "Portefeuille d'Embrayage",
        "Portefeuille Longue",
        "Portefeuille ID",
        "Multi Portefeuille",
        "Portefeuille Simple",
        "Portefeuilles Traversées",
        "Portefeuille",
        "Portefeuille en Toile",
        "Portefeuille Multifonctions",
        "Robe en Dentelle"
    ],
    "11900": [
        "Soutien-Gorge Sexy"
    ],
    "11901": [
        "Culotte Sexy"
    ],
    "11902": [
        "Robe en Coton"
    ],
    "11903": [
        "Robe Brodée"
    ],
    "11904": [
        "Robe de Mode"
    ],
    "11905": [
        "Soutien-Gorge en Dentelle"
    ],
    "11906": [
        "Coupe de Mode"
    ],
    "11907": [
        "Culotte Fendue"
    ],
    "11908": [
        "Soutien-Gorge Confortable"
    ],
    "11909": [
        "Soutiens-Gorge en Coton"
    ],
    "11910": [
        "Robe de Sport"
    ],
    "11911": [
        "Impression de Tasse"
    ],
    "11912": [
        "Robe Léopard"
    ],
    "11913": [
        "Culotte en Coton"
    ],
    "11914": [
        "Soutien-Gorge Sans Couture"
    ],
    "11915": [
        "Culotte Sans Couture"
    ],
    "11916": [
        "Culotte en Dentelle"
    ],
    "11917": [
        "Longue Branche"
    ],
    "11918": [
        "Coupe de Sport"
    ],
    "11926": [
        "T-shirts Polo ",
        "T-shirts à Manches Longues",
        "T-shirts",
        "T-shirt à Col",
        "T-shirts de Gym",
        "T-shirts à Manches Courtes",
        "T-shirts Imprimés",
        "T-shirts Décontractés",
        "T-shirt en Cotton",
        "T-shirt de Sports",
        "T-shirt en Polyester",
        "T-shirts d'Été",
        "T-shirts Ajustés",
        "T-shirt Blanc",
        "T-shirt de Mode",
        "Top T-Shirt"
    ],
    "12095": [
        "T Shirt Impression Femme",
        "Robe Chemise",
        "Chemises à Manches Longues",
        "Chemisier Blanc Femme",
        "Chemises à Carreaux",
        "Chemisier à Col Bateau",
        "Blouse Blanche",
        "Chemise Rayée",
        "Chemisiers Femmes",
        "Chemises Mignonnes",
        "T-Shirts à Manches Courtes",
        "Chemises Brodées",
        "Chemise Florale",
        "Chemises Imprimées",
        "T-Shirt sans Manches",
        "Chemises Décontractées",
        "Chemisier sans Manches",
        "Chemise en Coton",
        "Chemisier en Dentelle",
        "Chemise Violette",
        "Chemisiers Sexuels",
        "Veste Chemise",
        "Chemisier en Mousseline",
        "Chemisier à Volants"
    ],
    "12119": [
        "Short en Jean de Taille Haute",
        "Jupe Crayon en Jean",
        "Short en Jean Court",
        "Jupe en Jean Courte",
        "Short en Jean Sexy",
        "Pantalons en Jean Courts",
        "Short de Jean en Denim",
        "Leggings en Jean de Taille Haute",
        "Jean Maigre Court",
        "Pantalons Jeans de Taille Haute",
        "Pantalons de Yoga en Jean",
        "Pantalon Jean de Taille Haute",
        "Legging en Jean Étendu",
        "Pantalons Jean en Denim",
        "Pantalon de Harem en Jean",
        "Leggings Jeans Moulants",
        "Pantalons Jean Etendus",
        "Jeans Court à la Mode"
    ],
    "12124": [
        "Veste Polaire",
        "Sweat à Capuche Sans Manches",
        "Manteau de Sport",
        "Veste de Sport",
        "Long Manteau",
        "Sweat à Capuche Zippé",
        "Veste Longue",
        "Pull à Capuche",
        "Manteau Haut",
        "Sweat à Capuche Polaire",
        "Sweat à Capuche Long",
        "Sweats à Capuche Imprimé",
        "Vestes Chaudes",
        "Veste en Coton",
        "Manteaux Chauds",
        "Veste Décontractée",
        "Veste Courte",
        "Sweat Long",
        "Sweat à Capuche de Sport",
        "Veste Zippée"
    ],
    "12131": [
        "Chaussures de Randonnée",
        "Chaussure de Basket-ball",
        "Chaussures de Toile",
        "Chaussures de Sport",
        "Chaussures de Sandales",
        "Chaussures Faites à la Main",
        "Chaussures de Conduite",
        "Bottes de Neige",
        "Bottes en Daim",
        "Bottes Hautes",
        "Chaussures de Marche",
        "Chaussures d'Affaires",
        "Chaussures Oxford",
        "Chaussures Cool",
        "Chaussures en Plein Air"
    ],
    "12132": [
        "Chaussures Nettes",
        "Chaussures pour Hommes",
        "Chaussure de BasketBall",
        "Chaussures de Course",
        "Chaussures de Sport",
        "Chaussures de Ski",
        "Chaussures Mocassins",
        "Chaussures Oxford",
        "Chaussures à Lacet",
        "Chaussures Habillées",
        "Chaussures Plates",
        "Chaussures de Randonnée",
        "Chaussures de Toile",
        "Chaussures de Marche",
        "Chaussures Décontractées",
        "Chaussures Cool",
        "Chaussures en Cuir",
        "Bottes Chaussures",
        "Chaussures Sneakers",
        "Chaussures à Bout",
        "Chaussures Air",
        "Chaussures en Daim",
        "Chaussures de Plage",
        "Chaussures de Conduite",
        "Chaussures à la Mode",
        "Chaussures Volantes",
        "Chaussures Légères",
        "Chaussures Rétro ",
        "Chaussures Sandales",
        "Chaussures à la Mode",
        "Chaussures Mocassins",
        "Chaussures à la Mode",
        "Chaussures Simples",
        "Chaussures Pantoufles",
        "Chaussures Souples",
        "Chaussures Liées",
        "Chaussures Confortables",
        "Chaussures à la Main",
        "Chaussures Supérieures"
    ],
    "12135": [
        "Chaussures pour Femme",
        "Sandales pour Femme",
        "Pantoufles pour Femme",
        "Chaussures Plates",
        "Sandales à Talons",
        "Chaussures Décontractées",
        "Chaussures Confortables",
        "Chaussures en Cuir",
        "Sandales Plates",
        "Chaussures Pompes",
        "Chaussures à Talons",
        "Raquettes à Neige",
        "Sandales Confortables",
        "Chaussures de Mode",
        "Sandales en Cuir",
        "Bottes Décontractées",
        "Pantoufles à Talon",
        "Pantoufles en Cuir",
        "Sandales de Mode",
        "Chaussures Hautes",
        "Chaussures Respirantes",
        "Pantoufles Plates",
        "Pantoufles Chaudes"
    ],
    "12168": [
        "Sacs à Main Occasionnels",
        "Portefeuille",
        "Sacs à Bandoulière Décontractés",
        "Valise de Bande Dessinée",
        "Sac à Bandoulière",
        "Sac à Dos d'Ordinateur",
        "Sac à Dos Etanche",
        "Sac de Voyage",
        "Sac d'Epaule",
        "Sac de Maquillage",
        "Chaussures Décontractées",
        "Bottes pour Homme",
        "Chaussures de Marche",
        "Chaussures en Cuir",
        "Chaussures de Conduite",
        "Chaussures de Mode",
        "Chaussures Populaires",
        "Chaussures de Sandales",
        "Bottes en Daim",
        "Chaussures Mocassins",
        "Chaussures en Plein Air",
        "Sandales Respirantes"
    ],
    "12188": [
        "Dossiers Suspendus",
        "Armoire En Bois",
        "Cadres Photo en Bois",
        "Cadre Photo Simple",
        "Placard en Plastique",
        "Cadres Photo Suspendus",
        "Dossiers en Plastique",
        "Cadre Photo de Dessin Animé",
        "Cadre Photo en Toile",
        "Cadres Photo Créatifs",
        "Dossier en Cuir",
        "Armoire Portable",
        "Placard de Papeterie",
        "Cadre Photo Transparent",
        "Placard Suspendu",
        "Dossier Suspendu",
        "Cadre Photo en Cuir",
        "Dossier en Plastique",
        "Cadres Photo en Plastique",
        "Dossiers de Fichiers Verticaux"
    ],
    "12271": [
        "Bottines",
        "Bottes Hommes",
        "Bottes de Travail",
        "Bottes de Neige",
        "Bottes de Chaussures",
        "Bottes Fourrées",
        "Bottes en Cuir",
        "Bottes Plates",
        "Bottes en Daim",
        "Bottes à Lacets ",
        "Bottes Hautes",
        "Bottes Courtes",
        "Bottes à la Mode ",
        "Bottes Chaudes",
        "Marques de Démarrage",
        "Bottes Décontractées",
        "Bottes Confortables"
    ],
    "12274": [
        "Sandales Plates",
        "Sandales Conception",
        "Sandales en Cuir",
        "Sandales de Marche",
        "Sandales de Plage",
        "Sandales Confortables",
        "Sandales Antidérapant ",
        "Sandales Marque",
        "Sandales Créennes",
        "Sandales en Toile",
        "Sandales Mocassins",
        "Sandales Jeunesse",
        "Sandales Tongs",
        "Sandales Respirantes "
    ],
    "12275": [
        "Pantoufles en Cuir",
        "Sandales Pantoufles",
        "Pantoufles Concepteur",
        "Pantoufles Hommes",
        "Pantoufles Cool",
        "Pantoufles Plates",
        "Pantoufles à la Mode",
        "Pantoufles Antidérapantes ",
        "Pantoufles Couples",
        "Pantoufles décontractées"
    ],
    "12322": [
        "Sacs d'École",
        "Sac de Voyage",
        "Sac d'Ordinateur Portable",
        "Sac à Bandoulière",
        "Sac à Dos de Voyage",
        "Sac à Dos d'Ordinateur Portable",
        "Sac à Dos en Cuir",
        "Sac à Dos Étanche",
        "Sacs de Collège",
        "Sac de Sports",
        "Sac de Toile",
        "Sacs à Dos de Mode",
        "Sac à Dos d'Affaires",
        "Sac à Dos d'Ordinateur",
        "Grands Sacs à Dos",
        "Sac en Nylon",
        "Sac à Dos Extérieur",
        "Sac à Dos en Nylon",
        "Sac à Dos de Dessin Animé",
        "Sacs Oxford",
        "Sacs à Dos Décontracté",
        "Double Sac",
        "Sac de Montagne",
        "Sac à Dos d'Épaule",
        "Sac à Dos Simple",
        "Sac à Dos d'École"
    ],
    "12323": [
        "Sac à Bandoulière Pour Hommes",
        "Sac à Bandoulière en Cuir",
        "Sacs à Bandoulière de Voyage",
        "Petit Sac à Bandoulière",
        "Sac à Bandoulière en Toile",
        "Sac à Bandoulière",
        "Sac à Bandoulière",
        "Sac à Bandoulière à Main",
        "Sac à Bandoulière de Sports",
        "Sac à Bandoulière Imperméable",
        "Sac à Bandoulière Vintage",
        "Sacs à Bandoulière Décontractés\n",
        "Sacs à Main Croisés",
        "Sac à Bandoulière",
        "Sacs à Bandoulière de Mode",
        "Sac à Bandoulière Simple",
        "Sac à Bandoulière Extérieur",
        "Sac à Bandoulière Rétro",
        "Sac à Bandoulière en PU",
        "Sac à Bandoulière de Poitrine",
        "Sac à Bandoulière Croisé"
    ],
    "12324": [
        "Sacs à Main en Cuir",
        "Sacs à Main pour Hommes",
        "Sacs à Dos",
        "Sacs à Main à Bandoulière",
        "Sacs à Main de Voyage",
        "Sacs à Main d'Ordinateur Portable",
        "Sac à Main",
        "Sacs à Main en Toile",
        "Sacs à Bandoulière",
        "Sacs à Main de Mode",
        "Sacs à Main Décontractés",
        "Sacs à Main Longs",
        "Sac à Main",
        "Sacs à Main Croisés",
        "Portefeuille",
        "Sacs à Main Simples",
        "Sac à Main d'Affaires",
        "Sac à Main à Fermetures à Glissière",
        "Sac à Main de Messenger",
        "Sac à Main",
        "Sac à Main d'Ordinateur",
        "Sac à Main de Grande Capacité",
        "Sac à Main Authentiques"
    ],
    "12325": [
        "Sac de Taille Pour Homme",
        "Sac de Taille en Cuir",
        "Sac de Ceinture",
        "Sac de Taille de Course",
        "Sac de Taille de Voyage",
        "Sac de Taille de Mode",
        "Sac de Taille Tactique",
        "Sac de Taille Imperméable",
        "Sac de Taille de Sports",
        "Petit Sac de Taille",
        "Sac à bandoulière",
        "Grand Sac de Taille",
        "Sac de Taille d'Argent",
        "Sac de Taille en Toile",
        "Sac de Taille en Plein Air",
        "Sac de Taille Fanny",
        "Sac de Taille de Téléphone",
        "Sac de Taille Décontracté"
    ],
    "12371": [
        "Chaussures de Mariage",
        "Chaussures Mocassins",
        "Chaussures Oxford",
        "Chaussures à Lacet",
        "Chaussures Habillées",
        "Chaussures Plates",
        "Chaussures Décontractées",
        "Chaussures Cool",
        "Chaussures Formelles",
        "Chaussures en Cuir",
        "Chaussures à Bout",
        "Chaussures de Conduite",
        "Chaussures à la Mode",
        "Chaussures Souples",
        "Chaussures Confortables",
        "Chaussures à la Main",
        "Chaussures Extérieures",
        "Chaussures Classiques",
        "Chaussures Pointues",
        "Chaussures Respirantes"
    ],
    "12400": [
        "Sacs à Dos Pour l'Ecole",
        "Sac à Dos de Voyage",
        "Sac à Dos Pour Ordinateur Portable",
        "Sac à Dos En Cuir",
        "Petit Sac à Dos",
        "Sac à Dos Etanche",
        "Sacs à Dos Mignons",
        "Sacs à Dos d'Université",
        "Sac à Dos En Toile",
        "Sac à Dos pour Randonnée",
        "Sac à Dos",
        "Sac à Dos d'Ordinateur",
        "Grand Sac à Dos",
        " Sac à Dos Pour Enfants",
        "Petits Sacs à Dos",
        "Sac à Dos Extérieur",
        "Sac à Dos En Nylon",
        "Sac à Dos De Dessin Animé",
        "Sac à Dos Pour Etudiant",
        "Sac à Dos Décontracté",
        "Sac à Dos d'Epaule",
        "Sac à Dos Simple",
        "Sac à Dos Pour Campus",
        "Sac à Dos Pour Junior"
    ],
    "12401": [
        "Sacs à Bandoulière",
        "Sac de Messager",
        "Sac à Bandoulière",
        "Grand Sac à Bandoulière",
        "Sacs à Bandoulière Pour Femmes",
        "Sacs à Bandoulière En Cuir",
        "Sac Seau",
        "Sac En Toile",
        "Sac à Main",
        "Cartable",
        "Petit Sac",
        "Sac à Bandoulière à La Mode",
        "Sacs d'Emballage",
        "Sac à Bandoulière",
        "Sac de Gelée",
        "Sac Transparent",
        "Sac à Bandoulière de Chaîne",
        "Sacs Mignons",
        "Grand Sac",
        "Sac de Téléphone",
        "Sacs d'Emballage",
        "Sacs Tendance",
        "Sacs Directs",
        "Sac à Paillettes",
        "Sacs à Bandoulière Décontractés",
        "Sac Simple",
        "Sac Carré"
    ],
    "12404": [
        "Fourre-Tout",
        "Sacs à Bandoulière",
        "Sac de Messager",
        "Sac d'Epaule",
        "Sacs à Main d'Embrayage",
        "Sacs à Main en Cuir",
        "Sacs de Marque",
        "Sacs à Main Seau",
        "Sac En Toile",
        "Cartable",
        "Sacs de Luxe",
        "Petits Sacs à Main",
        "Sac de Styliste",
        "Sacs à Main de Mode",
        "Sacs à Main Croisés",
        "Sacs à Main Vintage",
        "Sacs à Main Mignons",
        "Sac à Main de Bourse",
        "Grand Sac",
        "Sacs à Main d'Emballage",
        "Sac de Pompon",
        "Sacs Tendance",
        "Sacs à Main en Crocodile",
        "Sacs à Main Occasionnels",
        "Sacs à Main Classiques",
        "Sacs Elégance",
        "Sac à Poignée",
        "Sacs à Main de Mère",
        "Sacs à Main Simples",
        "Sacs à Main Souples"
    ],
    "12407": [
        "Portefeuille de Carte de Crédit",
        "Portefeuille En Cuir",
        "Portefeuille Mobile",
        "Portefeuille avec Chaîne",
        "Porte-Monnaie",
        "Portefeuille de Passeport",
        "Portefeuille de Téléphone",
        "Portefeuille",
        "Portefeuille Porte-Monnaie",
        "Portefeuilles Mignons",
        "Portefeuille Zippé",
        "Porte-Clés",
        "Portefeuille de Poche",
        "Étui Portefeuille",
        "Portefeuille de Dessin Animé",
        "Portefeuille d'Embrayage",
        "Portefeuille Long",
        "Portefeuille Multi",
        "Portefeuille Simple",
        "Portefeuille en Toile",
        "Grand Portefeuille",
        "Motif de Portefeuille",
        "Portefeuille de Voiture",
        "Portefeuille à la Mode"
    ],
    "12409": [
        "Valises d'Enfants",
        "Valise de Voyage",
        "Valise à Dos",
        "Valise à Bagages",
        "Valise de Bande Dessinée",
        "Valise",
        "Valise d'Affaires",
        "Sacs à Bagages avec Roues",
        "Valise",
        "Valise Étanche",
        "Sac de Bagages Pour Hommes",
        "Valise de Mode",
        "Valise Pliante",
        "Sac à Dos",
        "Valise en Toile",
        "Valise de Loisirs",
        "Sacs de Bagages en Toile",
        "Valise de Sports",
        "Valise de Sac à Main",
        "Sac à Bandoulière",
        "Valise en Nylon",
        "Sac de Bagages d'Affaires",
        "Valise Portable",
        "Sacs de Bagages de Sports"
    ],
    "12450": [
        "Chaussures Mocassins",
        "Chaussures de Printemps",
        "Chaussures à Lacet",
        "Chaussures de Toile",
        "Chaussures de Marche",
        "Chaussures Décontractées",
        "Chaussures en Cuir",
        "Chaussures en Daim",
        "Chaussures d'Eté",
        "Chaussures de Conduite",
        "Chaussures Mocassins",
        "Chaussures à la Mode",
        "Chaussures Confortables",
        "Chaussures à la Main",
        "Chaussures Coréennes",
        "Chaussures de Sport",
        "Chaussures Respirantes",
        "Chaussures d'Affaires",
        "Chaussures"
    ]
}