{
    "11283": [
        "Chamarra para Hombre",
        "Sudadera con Capucha para Mujer",
        "Camiseta Blanca para Hombre",
        "Pantalones Negros para Hombre",
        "Blusas de Moda para Mujer",
        "Sudadera Rosa para Mujer",
        "Sudadera Rosa para Hombre",
        "Camisas Casuales para Hombres",
        "Chamarra de Beisbol",
        "Chamarra de Cuero",
        "Camiseta del Deporte",
        "Camisas de Algodón",
        "Vestidos Casuales",
        "Pantalones Cortos de Jean Sexy",
        "Falda Lápiz de Jean",
        "Vestido Camisero",
        "Vestido Sexy",
        "Suéteres Calientes"
    ],
    "11284": [
        "Chamarra de Cuello Alto",
        "Chamarra Azul",
        "Chamarra Negro",
        "Chamarra Rojo",
        "Chamarra de Algodón",
        "Chamarra de Moda",
        "Chamarra de Poliéster",
        "Chamarra de Collar Mandarín",
        "Chamarra con Multi Bolsillo",
        "Chamarra Delgada",
        "Chamarra de Cuero",
        "Chamarra Rompevientos",
        "Chamarra Deportiva",
        "Chamarra de Béisbol",
        "Chamarra con Capucha",
        "Chamarra Acolchada",
        "Chamarra de Primavera",
        "Chamarra Calientes",
        "Chamarra de Algodón",
        "Chamarra Exterior ",
        "Chamarra con Cremallera"
    ],
    "11285": [
        "Sudaderas Deportivas",
        "Sudadera con Capucha de Algodón",
        "Sudaderas de Moda",
        "Sudadera con Capucha de Cuero",
        "Sudadera con Capucha Rompevientos",
        "Sudadera con Cremallera",
        "Sudaderas de Béisbol",
        "Sudaderas con Capucha Calientes",
        "Sudaderas Juveniles",
        "Sudaderas Espesa",
        "Sudaderas Delgadas",
        "Sudaderas de Algodón",
        "Sudadera de Poliéster",
        "Sudaderas Deportivas",
        "Sudaderas de Béisbol",
        "Sudaderas de Moda",
        "Sudadera con Capucha de Manga Larga",
        "Chamarra de Cuello Alto",
        "Chamarra con Multi Bolsillo",
        "Chamarra de Manga Larga",
        "Sudadera Caliente",
        "Sudaderas Juveniles",
        "Sudadera con Capucha Exterior"
    ],
    "11286": [
        "Camisa de Impresión",
        "Camisa de Vestir",
        "Camisas Para Hombre",
        "Camisas de Manga Larga",
        "Camisas a Cuadros",
        "Camisas de Manga Corta",
        "Camisas de Oico",
        "Camisa de Algodón",
        "Camisa Morada",
        "Camisa de Colores",
        "Camisas de Verano",
        "Camisas de Negocios",
        "Camisas Entalladas",
        "Camisa de Manga Larga",
        "Camisa de Moda",
        "Camisa Superior",
        "Camisas de Oficina",
        "Camisas de Otoño",
        "Camisa Delgada"
    ],
    "11288": [
        "Pantalones Cortos",
        "Pantalones Cortos Deportivos",
        "Pantalones Cortos de Algodón",
        "Pantalones Cortos de Playa",
        "Pantalones Cortos de Verano",
        "Pantalones Cortos Rápido",
        "Pantalones Cortos de Camuflaje",
        "Pantalones Cortos de Ocio",
        "Pantalones Cortos de Moda",
        "Pantalones Cortos Masculinos",
        "Pantalones Cortos de Marca",
        "Pantalones Cortos Exterior",
        "Pantalones Cortos de Bolsillo",
        "Pantalones Cortos Secos"
    ],
    "11289": [
        "Pantalones Negros",
        "Pantalones Ocio",
        "Pantalones Cómodos",
        "Pantalones de Algodon",
        "Pantalones de Moda",
        "Pantalón de Color Caqui ",
        "Pantalones Largos",
        "Pantalones Sueltos",
        "Pantalones de Hombres",
        "Pantalones de Fiesta",
        "Pantalones De Poliéster",
        "Pantalones Cortos",
        "Pantalones Delgados",
        "Pantalones Deportivos",
        "Pantalones Rectos",
        "Pantalones de Verano",
        "Pantalones de Pantalón",
        "Pantalones Blancos",
        "Pantalones de Negocios",
        "Pantalones Regulares"
    ],
    "11290": [
        "Chamarra de Punto",
        "Suéter Para Los Hombres",
        "Sueter de Lana",
        "Sudadera con Capucha",
        "Abrigo de Suéter",
        "Suéter de Jersey",
        "Chamarra de Suéter",
        "Suéter Largo",
        "Suéter de Lana",
        "Suéter de Cremallera",
        "Suéteres de Moda",
        "Suéteres Calientes",
        "Suéter Flojo",
        "Suéter a Cuadros",
        "Suéteres Gruesos",
        "Suéter Ajustado",
        "Suéteres Ocio",
        "Suéter de Cuello",
        "Sudadera Suéter"
    ],
    "11319": [
        "Decoración de Pared de Cocina",
        "Decoración de Pared de Arte",
        "Decoración de Pared de Metal",
        "Decoración de Pared de Madera",
        "Decoración de Pared de Flores",
        "Pintura Mural de La Pared",
        "Decoración de Pared de Oro",
        "Decoración de La Pared Moderna",
        "Decoración para Colgar en La Pared",
        "Pintura de Pared Metálica",
        "Decoración de Pared de Plata",
        "Pinturas de Decoración de Pared",
        "Decoración de Moderno para Hogar ",
        "Decoración de Flores Para el Hogar",
        "Decoración Sencilla Para el Hogar",
        "Decoración Linda para el Hogar",
        "Decoración de Oro para Hogar ",
        "Arte de Decoración para Hogar",
        "Esteras de Tabla Plásticas",
        "Esteras de Tabla Decorativas",
        "Esteras de Tabla de Madera",
        "Pinturas de Pared de Lona"
    ],
    "11335": [
        "Trajes de Boda",
        "Trajes de Novio",
        "Traje Largo",
        "Traje de Chaleco",
        "Traje de Negocios",
        "Traje de Blazer",
        "Traje de Ocio",
        "Traje Delgada",
        "Traje de Ropa",
        "Traje de Moda",
        "Trajes Masculina"
    ],
    "11344": [
        "Bolsa Pequeña",
        "Cachucha Impermeable",
        "Cachucha Casuale",
        "Bolsa Al Aire Libre",
        "Bolsa Grande",
        "Bolsos Suaves",
        "Bolsas de Almacenamiento",
        "Bolsa de Hombro",
        "Bolsos de Embrague",
        "Bolsa de Lona",
        "Bolsos Lindos",
        "Cartera de Tarjeta",
        "Cartera Móvil",
        "Cachucha para Laptop",
        "Cachucha Anti Ladrón"
    ],
    "11629": [
        "Cuchara de Madera",
        "Cuchara Sopera",
        "Cucharas de Bebé",
        "Cuchara de Tenedor ",
        "Cuchara de Plástico",
        "Cuchara de Café",
        "Cuchara Pequeña",
        "Cuchara Japonesa",
        "Paja Cuchara",
        "Cuchara de Dibujos Animados",
        "Cuchara de Arroz",
        "Cuchara de Cocina",
        "Cuchara Larga",
        "Cuchara Grande",
        "Cuchara de Acero"
    ],
    "11636": [
        "Fregadero de Cocina",
        "Estantes de Cocina",
        "Almacenamiento de Cocina",
        "Estante de Cocina",
        "Toallas de Cocina",
        "Cocina Casera",
        "Guantes de Cocina",
        "Horno de Cocina",
        "Panadería de Cocina",
        "Cocina Creativa",
        "Cocina de Dibujos Animados ",
        "Mano de Cocina",
        "Ollas de Cocina",
        "Ganchos de Cocina",
        "Calentador de Cocina",
        "Cocina Microondas"
    ],
    "11648": [
        "Limpiador de Baños",
        "Ventosa",
        "Soporte de Cepillo de Dientes",
        "Soporte de Succión de Pared",
        "Toalla de Baño",
        "Cepillo de Baño",
        "Bola de Baño",
        "Ducha del Baño",
        "Cortina de La Ducha",
        "Estante de Cepillo de Dientes",
        "Estante de Almacenamiento"
    ],
    "11666": [
        "Perro Mascota",
        "Mascota de Hámster",
        "Mascotas de La Casa",
        "Mascotas Lindas ",
        "Pétalos de Flor",
        "Plástico para Mascotas",
        "Pequeñas Mascotas",
        "Juguetes para Mascotas",
        "Oso de Mascota",
        "Gatos de Mascotas",
        "Mascota Cachorro",
        "Mascotas de Agua"
    ],
    "11715": [
        "Cocinas de Bricolaje",
        "Decoración de Cocina",
        "Accesorios de Cocina",
        "Herramientas de Cocina",
        "Cocina de Cocina",
        "Manijas de Cocina",
        "Cocina Casera",
        "Cocina de Moda",
        "Cocina de Cerveza",
        "Cocina de Crema",
        "Cocina de Panadería ",
        "Cocina Creativa",
        "Cocina de Cortadora  ",
        "Cocina de Comida",
        "Cocina de Acero",
        "Cocina de Frutas",
        "Hechizo de Cocina"
    ],
    "11718": [
        "Taza de Café",
        "Taza de Té",
        "Copas de Plástico",
        "Copa de La Moda",
        "Copa Doble",
        "Copa de Vidrio",
        "Copas Personalizadas",
        "Taza Termo ",
        "Copa de Negocios",
        "Copa Amorosa",
        "Copas Aisladas",
        "Ventosa",
        "Taza de Agua",
        "Taza de Cerámica",
        "Copas para Beber",
        "Taza",
        "Copa Deportiva",
        "Taza de Dibujos Animados",
        "Logo de La Copa",
        "Taza de Leche",
        "Copa de Acero",
        "Copa para Niños",
        "Regalos de La Taza"
    ],
    "11725": [
        "Suministros para La Fiesta",
        "Fiesta de Cumpleaños",
        "Decoraciones de Fiesta",
        "Fiesta de Navidad",
        "Luces de Fiesta",
        "Fiesta de Bodas",
        "Globos de Fiesta",
        "Lugares de Fiesta",
        "Fiesta Nocturna",
        "Fiesta Casera",
        "Fiesta Estrella",
        "Fiesta del Vino",
        "Fiesta de Hadas",
        "Fiesta Led",
        "Fiesta de Bricolaje",
        "Fiesta de La Moda"
    ],
    "11729": [
        "Botellas de Cocina de Almacenamiento",
        "Sello de Contenedor de Almacenamiento",
        "Caja de Almacenamiento de Alimentos",
        "Tanque de Almacenamiento",
        "Bolsas de Clasificación de Ropa",
        "Caja de Almacenamiento de Viaje",
        "Caja de Almacenamiento Creativo",
        "Bolsas de Almacenamiento",
        "Caja de Almacenamiento Grande"
    ],
    "11797": [
        "Anillos de Diamante",
        "Cadena de Oro",
        "Aretes de Oro",
        "Pulseras para Hombre",
        "Anillo de Oro",
        "Anillos para Hombres",
        "Pendientes de Diamantes",
        "Pendientes para Los Hombres",
        "Collar de Oro",
        "Collar de Diamantes",
        "Collares para Hombres",
        "Collar de Perlas",
        "Brazalete de Oro",
        "Joyas de Oro",
        "Pendientes de La Borla",
        "Collar con Una Cruz",
        "Joyas para Hombres",
        "Cadenas para Hombres",
        "Aretes de Perlas",
        "Anillo de Pureza",
        "Aretes",
        "Pulsera de Diamantes",
        "Joyería de Moda",
        "Colgante de Oro",
        "Pulseras de Cuentas"
    ],
    "11845": [
        "Caja del Teléfono Impermeable",
        "Cajas del Teléfono de Cuero",
        "Cajas Protectoras de Teléfono",
        "Caja del Teléfono del Silicón",
        "Ventilador Portátil Usb",
        "Caja del Teléfono a Prueba de Golpes",
        "Cajas del Teléfono Transparente",
        "Cajas del Teléfono de La Moda",
        "Cajas del Teléfono de Dibujos Animados",
        "Pulsera de Correa de Cuero",
        "Cajas del Teléfono Creativo",
        "Cajas del Teléfono Suave"
    ],
    "11848": [
        "Cultivo Superior",
        "Impresión de la Camiseta",
        "Camiseta Sin Mangas",
        "Camiseta",
        "Camisa de Cuello",
        "Encaje Superior",
        "Parte Superior Larga",
        "Parte Superior Sexy",
        "Parte Superior Moda",
        "Camiseta Recortada",
        "Blusa Cuello",
        "Camisas Bordadas",
        "Camisas Estampadas",
        "Camisa Sin Mangas",
        "Camisas de Ocio",
        "Blusa Sin Mangas",
        "Parte Superior Sin Mangas",
        "Camisa de Algodón",
        "Blusa de Encaje",
        "Blusas Sexy",
        "Parte Superior de Gasa",
        "Blusa de Cuello",
        "Blusa Bordada",
        "Parte Superior Bordado",
        "Blusa de Gasa"
    ],
    "11849": [
        "Camisa de Vestir",
        "Vestido de Manga Larga",
        "Vestidos de Ocio",
        "Vestido Sexy",
        "Chamarra de Punto",
        "Vestido de Moda",
        "Vestido de Punto",
        "Abrigo de Cuello Alto",
        "Suéter de Punto",
        "Vestido de Cuello Alto",
        "Suéter de Jersey",
        "Vestido Cardigan",
        "Suéteres Sexy",
        "Abrigos Calientes",
        "Vestido Suelto",
        "Abrigo de Cárdigan",
        "Abrigo Corto",
        "Vestidos de Manga",
        "Abrigo de Ocio",
        "Abrigos de Moda",
        "Suéteres de Moda",
        "Suéter de Manga Larga",
        "Suéteres Calientes",
        "Vestido de Cuello Alto",
        "Abrigo de Punto",
        "Suéter Flojo",
        "Suéter Corto",
        "Vestido Delgado",
        "Vestidos Calientes",
        "Vestido de Jersey"
    ],
    "11877": [
        "Chamarra de Cuero",
        "Sudadera con Capucha para Hombre",
        "Chamarra de Beisbol",
        "Camiseta Blanca",
        "Sudadera con Capucha",
        "Camiseta de Moda",
        "Chamarra de Algodón",
        "Chamarra Cálido",
        "Pantalones Casuales",
        "Camisetas de Polo",
        "Camisas a Cuadros",
        "Pantalones Cortos Deportivos",
        "Color de Camisa",
        "Camisas de Negocios",
        "Traje de Blazer",
        "Chamarra de Cuello Alto"
    ],
    "11878": [
        "Jean de Talle Alto",
        "Vestidos Casuales",
        "Vestido Sexy",
        "Vestidos Florales",
        "Sujetador Deportivo",
        "Sudadera con Cremallera",
        "Blusa sin Mangas",
        "Blusa de Gasa",
        "Sujetador Deportivo",
        "Sudadera con Capucha",
        "Chamarra de Cremallera",
        "Blusa de Encaje",
        "Camisas Casuales",
        "Blusa Bordada",
        "Jeans Ajustados",
        "Falda de Jean",
        "Pantalones Vaqueros de Cintura Alta"
    ],
    "11889": [
        "Chamarra de Cuero para Las Mujeres",
        "Abrigo de Piel de Las Mujeres",
        "Cardigans Para Mujeres",
        "Chamarra Rompevientos",
        "Abajo Chamarra",
        "Cardigan Largo",
        "Abrigo de Lana",
        "Chamarra de Punto",
        "Abrigo Largo",
        "Abrigo de Anorak",
        "Chamarra de Moda",
        "Abajo Capa",
        "Abrigo Acolchado",
        "Chamarra de Lana",
        "Abrigo de Suéter",
        "Abrigo con Capucha",
        "Chamarra de Suéter",
        "Chamarra Calientes",
        "Chamarra de Algodón",
        "Chamarra de Punto con Capucha",
        "Abrigos Calientes",
        "Chamarra de Ocio",
        "Chamarra Corta",
        "Cardigan de Lana",
        "Chamarra de Cremallera",
        "Chamarra de Punto",
        "Abrigo de Ocio",
        "Chamarra de Algodón"
    ],
    "11895": [
        "Sujetador Deportivo"
    ],
    "11896": [
        "Vestidos Florales"
    ],
    "11897": [
        "Vestido Sexy"
    ],
    "11898": [
        "Bolsa de Viaje",
        "Bolsa del Almuerzo",
        "Bolsa de Hombro",
        "Lavabo",
        "Equipaje y Bolsos",
        "Bolsa de Lona",
        "Bolso de Mano",
        "Bolso de Cosméticos",
        "Bolsa Impermeable",
        "Bolsa de La Bolsa",
        "Bolsas de Almacenamiento",
        "Bolsas de Tela",
        "Bolsa de Negocios",
        "Bolsos Lindos",
        "Bolsa de Carro",
        "Bolsa de Dibujos Animados",
        "Bolsa Exterior",
        "Bolsos Oxford",
        "Bolsos Directos",
        "Bolsa Plegable",
        "Bolsa Madre",
        "Push Up Bra",
        "Bolsa Pequeña",
        "Cachucha Impermeable",
        "Cachuchas Casuales",
        "Bolsa de Gelatina",
        "Bolsa Grande",
        "Bolsos Suaves",
        "Bolsas de Almacenamiento",
        "Bolsa de Hombro",
        "Bolsos de Embrague",
        "Bolsa de Lona",
        "Bolsos Lindos",
        "Cartera de Tarjeta ",
        "Cartera Móvil",
        "Cachucha para Laptop",
        "Cachucha Antirrobo",
        "Bolso de Cosméticos",
        "Cachuchas de Hombro",
        "Bolso de Moda"
    ],
    "11899": [
        "Cartera de la Tarjeta de Crédito",
        "Billetera de Viaje",
        "Billetera de Cuero",
        "Billetera de Celular",
        "Billetera de Moneda",
        "Billetera de Pasaporte",
        "Billetera del Teléfono",
        "Billetera de Dinero",
        "Billetera Pequeña",
        "Billetera de Cuerpo Cruzado",
        "Billetera Delgada",
        "Billetera de Ocio",
        "Billetera Bonita",
        "Billetera de Bolsillo con Cremallera",
        "Billetera Clave",
        "Funda de Billetera",
        "Billetera de Dibujos Animados",
        "Billetera de Embrague",
        "Billetera Larga",
        "Billetera de Identificación",
        "Billetera Multi",
        "Billetera Simple",
        "Carteras Cruzadas",
        "Billetera Billetera",
        "Billetera de Lona",
        "Billetera Multifuncional",
        "Vestido de Encaje"
    ],
    "11900": [
        "Sujetador Sexy"
    ],
    "11901": [
        "Bragas Sexy"
    ],
    "11902": [
        "Vestido de Algodón"
    ],
    "11903": [
        "Vestido Bordado"
    ],
    "11904": [
        "Vestido de Moda"
    ],
    "11905": [
        "Sujetador de Encaje"
    ],
    "11906": [
        "Copa de Moda"
    ],
    "11907": [
        "Tanga Panty"
    ],
    "11908": [
        "Sujetadores Cómodos"
    ],
    "11909": [
        "Sujetadores de Algodón"
    ],
    "11910": [
        "Vestido Deportivo"
    ],
    "11911": [
        "Impresión de La Taza"
    ],
    "11912": [
        "Vestido de Leopardo"
    ],
    "11913": [
        "Bragas de algodón"
    ],
    "11914": [
        "Sujetador sin costura"
    ],
    "11915": [
        "Bragas sin costura"
    ],
    "11916": [
        "Bragas de encaje"
    ],
    "11917": [
        "Rama Larga"
    ],
    "11918": [
        "Copa Deportiva"
    ],
    "11926": [
        "Camisetas de Polo",
        "Camisetas de Manga Larga",
        "Camiseta",
        "Camiseta con Cuello",
        "Camisetas de Gimnasia",
        "Camisetas de Manga Corta",
        "Camisetas Impresas",
        "Camisetas Ocio",
        "Camiseta de Algodón",
        "Camiseta del Deporte",
        "Camiseta de Poliéster",
        "Camisetas de Verano",
        "Camisetas Entalladas",
        "Camiseta Blanca",
        "Camiseta de la Moda",
        "Camiseta Superior"
    ],
    "12095": [
        "Camiseta de Impresión de Las Mujeres",
        "Camisa de Vestir",
        "Camisas de Manga Larga",
        "Camisa Blanca de Las Mujeres",
        "Camisas a Cuadros",
        "Blusa Cuello Barco",
        "Blusa Blanca",
        "Camisa de Rayas",
        "Camisas para Mujer",
        "Camisas Lindas",
        "Camisas de Manga Corta",
        "Camisas Bordadas",
        "Camiseta Floral",
        "Camisas Estampadas",
        "Camisa Sin Mangas",
        "Camisas Ocio",
        "Blusa Sin Mangas",
        "Camisa de Algodón",
        "Blusa de Encaje",
        "Camisa Morada",
        "Blusas Sexy",
        "Chamarra de Camisa ",
        "Blusa de Gasa",
        "Blusa con Volantes"
    ],
    "12119": [
        "Shorts de Jean de Talle Alto",
        "Falda Lápiz de Jean",
        "Shorts Cortos de Jean",
        "Falda Corta de Jean",
        "Pantalones Cortos de Jean Sexy",
        "Pantalones Cortos Pantalones Vaqueros",
        "Pantalones Cortos de Mezclilla Jean",
        "Cintura Alta de Polainas de Jeans  ",
        "Jeans Ajustados Cortos",
        "Pantalones de Cintura Alta Pantalones Vaqueros",
        "Pantalones de Yoga Jean",
        "Pantalones Vaqueros de Cintura Alta",
        "Leggings de Jean de Estiramiento",
        "Pantalones vaqueros de mezclilla",
        "Pantalones de jean harem",
        "Polainas de Jeans Ajustados",
        "Pantalones Elásticos de Jean",
        "Jeans Cortos de Moda"
    ],
    "12124": [
        "Chamarra de Lana",
        "Sudadera con Capucha sin Mangas",
        "Chamarra Deportiva",
        "Chamarra Deportiva",
        "Abrigo Largo",
        "Sudadera con Cremallera",
        "Chamarra Larga",
        "Sudadera con Capucha",
        "Capa Superior",
        "Sudadera con Capucha de Lana",
        "Sudadera con Capucha Larga",
        "Sudaderas Con Capucha Impresas",
        "Chamarra Calientes",
        "Chamarra de Algodón",
        "Chamarra Caliente",
        "Chamarra Casual",
        "Chamarra Corta",
        "Sudadera Larga",
        "Sudaderas Deportivas",
        "Chamarra de Cremallera"
    ],
    "12131": [
        "Zapatos de Senderismo",
        "Zapatillas de Baloncesto",
        "Zapatos de Lona",
        "Zapatillas",
        "Sandalias",
        "Zapatos Hechos a Mano",
        "Zapatos de Conducir",
        "Botas de Nieve",
        "Botas de Gamuza",
        "Botas Altas",
        "Zapatos para Caminar",
        "Zapatos de Negocios",
        "Zapatos Oxford",
        "Zapatos Geniales",
        "Zapatos Al Aire Libre"
    ],
    "12132": [
        "Zapatos de Red",
        "Zapatos para Hombres",
        "Zapatillas de Baloncesto",
        "Zapatos para Correr",
        "Zapatos Deportivos",
        "Zapatillas de Patín",
        "Zapatos Mocasines",
        "Zapatos Oxford",
        "Cordones de Los Zapatos",
        "Zapatos de Vestir",
        "Zapatos Planos",
        "Zapatos de Senderismo",
        "Zapatos de Lona",
        "Zapatos para Caminar",
        "Zapatos de Ocio",
        "Zapatos Geniales",
        "Zapatos de Cuero",
        "Botas de Zapatos",
        "Zapatos de Zapatillas",
        "Zapatos del Dedo del Pie",
        "Zapatos de Aire",
        "Zapatos de Gamuza",
        "Zapatos de Playa",
        "Zapatos de Conducir",
        "Zapatos de Moda",
        "Zapatos de La Mosca",
        "Zapatos Ligeros",
        "Zapatos Retro",
        "Zapatos de Sandalias ",
        "Zapatos Populares",
        "Zapatos de Mocasin",
        "Zapatos de Tendencia",
        "Zapatos Simples",
        "Zapatillas de Zapatillas",
        "Zapatos Suaves",
        "Zapatos de Atadura",
        "Zapatos Cómodos",
        "Zapatos Hechos a Mano",
        "Zapatos Superiores"
    ],
    "12135": [
        "Zapatos para Mujer",
        "Sandalias de Mujer",
        "Zapatillas de Mujer",
        "Zapatos Planos",
        "Sandalias de Tacón",
        "Zapatos de Ocio",
        "Zapatos Cómodos",
        "Zapatos de Cuero",
        "Sandalias Planas",
        "Zapatos de Bombas",
        "Zapatos de Tacones",
        "Zapatos de Nieve",
        "Sandalias Cómodas",
        "Zapatos de Moda",
        "Sandalias de Cuero",
        "Botas de Ocio",
        "Zapatillas de Tacón",
        "Zapatillas de Cuero",
        "Sandalias de Moda",
        "Zapatos Altos",
        "Zapatos Transpirables",
        "Zapatillas Planas",
        "Zapatillas Calientes"
    ],
    "12168": [
        "Bolsos Casuales",
        "Bolso Monedero",
        "Bolso Bandolera",
        "Maleta de Dibujos Animados",
        "Bolsa de Hombro",
        "Cachucha para Computadora",
        "Cachucha Impermeable",
        "Bolsa de Viaje",
        "Bolsa de Hombro",
        "Bolso de Cosméticos",
        "Zapatos Casuales",
        "Botas para Hombre",
        "Zapatos para Caminar",
        "Zapatos de Cuero",
        "Zapatos de Conducir",
        "Zapatos de Moda",
        "Zapatos Populares",
        "Sandalias",
        "Botas de Gamuza",
        "Zapatos Mocasines",
        "Zapatos Al Aire Libre",
        "Sandalias Transpirables"
    ],
    "12188": [
        "Colgar Carpetas de Archivos",
        "Armario de Madera",
        "Marcos de Fotos de Madera",
        "Marco de Fotos Simple",
        "Armario Plastico",
        "Colgar Marcos de Fotos",
        "Carpetas de Archivos de Plástico",
        "Marco de Fotos de Dibujos Animados",
        "Marco de Fotos de Lona",
        "Marcos de Fotos Creativos",
        "Carpeta de Archivo de Cuero",
        "Armario Portátil",
        "Armario de Papelería",
        "Marco de Fotos Transparente",
        "Armario Colgante",
        "Sostenedor de Archivo Colgante",
        "Marco de Fotos de Cuero",
        "Soporte de Archivo de Plástico",
        "Marcos de Fotos de Plástico",
        "Carpetas de Archivos Verticales"
    ],
    "12271": [
        "Botas de Tobillo",
        "Botas para Hombre",
        "Botas de Trabajo",
        "Botas de Nieve",
        "Botas de Zapatos",
        "Botas de Piel",
        "Botas de Cuero",
        "Botas Planas",
        "Botas de Gamuza",
        "Cordones de Arranque",
        "Botas Altas",
        "Botas Cortas",
        "Botas de Moda",
        "Botas Cálidas",
        "Botas de Marcas ",
        "Botas de Ocio",
        "Botas Cómodas"
    ],
    "12274": [
        "Sandalias Planas",
        "Diseño de Sandalia ",
        "Sandalias de Cuero",
        "Sandalias para Caminar",
        "Sandalias de Playa",
        "Sandalias Cómodas",
        "Sandalias de Deslizamiento",
        "Sandalias de Marca",
        "Sandalias Coreanas",
        "Sandalias de Lona",
        "Sandalias Mocasines",
        "Sandalias Juveniles",
        "Sandalias de Tirón",
        "Sandalias Transpirables"
    ],
    "12275": [
        "Zapatillas de Cuero",
        "Sandalia de Zapatilla",
        "Zapatillas de Diseñador ",
        "Zapatillas de Casa",
        "Zapatillas Frescas",
        "Zapatillas Planas",
        "Zapatillas de Moda",
        "Zapatillas Antideslizantes",
        "Zapatillas de Pareja",
        "Zapatillas de Ocio"
    ],
    "12322": [
        "Cachucha",
        "Bolsa de Viaje",
        "Bolsa de Computadora Portátil",
        "Bolsa de Hombro",
        "Cachucha de Viaje",
        "Cachucha para Computadora Portátil",
        "Cachucha de Cuero",
        "Cachucha Impermeable",
        "Bolsas Universitarias",
        "Bolsa Deportiva",
        "Bolsa de Lona",
        "Cachuchas de Moda",
        "Cachucha de Negocios",
        "Cachucha para Computadora",
        "Cachucha Grandes",
        "Bolsa de Nylón",
        "Cachucha Exterior",
        "Cachucha de Nylón",
        "Cachucha de Dibujos Animados",
        "Bolsos Oxford",
        "Cachucha de Oico",
        "Doble Bolsa",
        "Bolsa de Montaña",
        "Cachucha de Hombro",
        "Chamarra Simple",
        "Chamarra de Campus"
    ],
    "12323": [
        "Bolso de Cuerpo Cruzado Para Hombres",
        "Bolso de Cuerpo Cruzado de Cuero",
        "Bolso de Cuerpo Cruzado Para Viajes",
        "Bolso de Cuerpo Cruzado Pequeño",
        "Bolso de Cuerpo Cruzado de Lona",
        "Bolsa de Mensajero de Cuerpo Cruzado",
        "Bolsa de Hombro de Cuerpo Cruzado",
        "Bolso Cartera de Cuerpo Cruzado",
        "Bolso de Cuerpo Cruzado Deportivo",
        "Bolso de Cuerpo Cruzado Impermeable",
        "Bolso de Cuerpo Cruzado Vintage",
        "Bolso de Cuerpo Cruzado de Ocio",
        "Bolsos Cruzados",
        "Bolso de Cuerpo Cruzado de Honda",
        "Bolso de Cuerpo Cruzado de Moda",
        "Bolso de Cuerpo Cruzado Simple",
        "Bolso de Cuerpo Cruzado Exterior",
        "Bolso de Cuerpo Cruzado Retro",
        "Bolso de Cuerpo Cruzado Pu",
        "Bolso de Cuerpo Cruzado de Pecho",
        "Bolso de Cuerpo Cruzado de Cruz"
    ],
    "12324": [
        "Bolsos de Cuero",
        "Bolsos de Los Hombres",
        "Bolsos de Cachucha",
        "Bolso de Cuerpo Cruzado",
        "Bolsos de Viaje",
        "Bolsos para Computadora Portátil",
        "Bolsos Cartera",
        "Bolsos de Lona",
        "Bolsos de Hombro",
        "Bolsos de Moda",
        "Bolsos Ocio",
        "Bolsos de Mano Largos",
        "Bolso de Mano",
        "Bolsos Cruzados",
        "Bolso Monedero",
        "Bolsos Simples",
        "Bolso de Negocios",
        "Cremalleras Bolsos",
        "Bolsos de Mensajero",
        "Bolso de La Cartera",
        "Bolso de La Computadora",
        "Bolsos de Gran Capacidad",
        "Bolsos Genuinos"
    ],
    "12325": [
        "Bolso de Cintura para Hombre",
        "Bolso de Cintura de Cuero",
        "Bolso de Cintura con Correa ",
        "Bolso de Cintura de Correr",
        "Bolso de Cintura de Viaje",
        "Bolsa de Cintura de Moda",
        "Bolso de Cintura Táctica",
        "Bolsa de Cintura Impermeable",
        "Bolso de Cintura de Deporte",
        "Bolso de Cintura Pequeña",
        "Bolso de Cintura del Hombro",
        "Bolso de Cintura Grande",
        "Bolsa de Cintura de Dinero ",
        "Bolsa de Cintura de Lona ",
        "Bolsa de Cintura Exterior",
        "Bolsa de Cintura de Coño",
        "Bolso de Cintura del Teléfono",
        "Bolso de Cintura Ocio"
    ],
    "12371": [
        "Zapatos de Boda",
        "Zapatos Mocasines",
        "Zapatos Oxford",
        "Zapatos con Cordones",
        "Zapatos de Vestir",
        "Zapatos Planos",
        "Zapatos de Ocio",
        "Zapatos Geniales",
        "Zapatos Formales",
        "Zapatos de Cuero",
        "Zapatos del Dedo del Pie",
        "Zapatos de Conducción",
        "Zapatos de Tendencia",
        "Zapatos Suaves",
        "Zapatos Cómodaos",
        "Zapatos Hechos a Mano",
        "Zapatos Exterior",
        "Zapatos Clásicos",
        "Zapatos Puntiagudos",
        "Zapatos Transpirables"
    ],
    "12400": [
        "Cachucha para La Escuela",
        "Cachucha de Viaje",
        "Cachucha para Computadora Portátil",
        "Cachucha de Cuero",
        "Cachucha Pequeña",
        "Cachucha Impermeable",
        "Cachucha Lindas",
        "Cachucha Universitarias",
        "Cachucha de Lona",
        "Cachucha Mochilero",
        "Cachucha Chamarra",
        "Cachucha para Computadora",
        "Cachucha Grandes",
        "Cachucha para Niños",
        "Cachucha Pequeñas ",
        "Cachucha Exterior",
        "Cachucha de Nylón",
        "Cachucha de Dibujos Animados",
        "Cachucha de Estudiante",
        "Cachucha de Ocio",
        "Cachucha de Hombro",
        "Cachucha Simple",
        "Cachucha de Campus",
        "Chamarra Junior"
    ],
    "12401": [
        "Bolsos Cruzados",
        "Bolsa de Mensajero",
        "Bandolera Bandolera",
        "Bolso Big Crossbody",
        "Bolsos Crossbody Para Mujeres",
        "Bolsos de Cuerpo Cruzado de Cuero",
        "Bolsa de Cubo",
        "Bolsa de Lona",
        "Bolso de Mano",
        "Bolso de Cartera",
        "Bolsa Pequeña",
        "Bolsos de Cuerpo Cruzado de Moda",
        "Bolsas de Embalaje",
        "Bolsa Cruzada",
        "Bolsa de Gelatina",
        "Bolsa Transparente",
        "Bolsos de Cuerpo Cruzado de Cadena",
        "Bolsos Lindos",
        "Bolsa Grande",
        "Bolsa de Telefono",
        "Bolsas de Embalaje",
        "Bolsos de Tendencia",
        "Bolsos Directos",
        "Bolsa de Lentejuelas",
        "Bolsos de Cuerpo Cruzado de Ocio",
        "Bolsa Simple",
        "Bolsa Cuadrada"
    ],
    "12404": [
        "Bolso de Mano",
        "Bolsos de Cuerpo Cruzado",
        "Bolsa de Mensajero",
        "Bolsa de Hombro",
        "Bolsos de Embrague",
        "Bolsos de Cuero",
        "Bolsos de Marca",
        "Bolsos de Cubo",
        "Bolsa de Lona",
        "Bolso Satchel",
        "Bolsos de Lujo",
        "Bolsos Pequeños",
        "Bolsa de Diseñador",
        "Bolsos de Moda",
        "Bolsos Cruzados",
        "Bolsos Vintage",
        "Bolsos Lindos",
        "Bolsos Monedero",
        "Bolsa Grande",
        "Bolsos de Embalaje",
        "Bolso de La Borla",
        "Bolsos de Tendencia",
        "Bolsos de Cocodrilo",
        "Bolsos de Ocio",
        "Bolsos Clásicos",
        "Bolsas de Elegancia",
        "Bolso de La Manija",
        "Bolsos Madre",
        "Bolsos Simples",
        "Bolsos Suaves"
    ],
    "12407": [
        "Cartera de La Tarjeta de Crédito",
        "Billetera de Cuero",
        "Billetera de Celular",
        "Billetera de Cadena",
        "Billetera de Monedero",
        "Billetera de Pasaporte",
        "Billetera de Teléfono",
        "Billetera de Dinero",
        "Billetera de Bolso",
        "Billetera Lindas",
        "Billetera con Cremallera",
        "Billetera Clave",
        "Billetera de Bolsillo",
        "Funda de Billetera",
        "Billetera de Dibujos Animados",
        "Billetera de Embrague",
        "Billetera Larga",
        "Billetera Multi",
        "Billetera Simple",
        "Billetera de Lona",
        "Billetera Grande",
        "Billetera con Patrón ",
        "Billetera de Carro",
        "Billetera de Moda"
    ],
    "12409": [
        "Maletas Infantiles",
        "Maleta de Viaje",
        "Maleta de Cuchucha",
        "Maleta de Equipaje",
        "Maleta de Dibujos Animados",
        "Maleta Troncal",
        "Maleta de Negocios",
        "Bolsas de Equipaje con Ruedas",
        "Caja de Maleta ",
        "Maleta Impermeable",
        "Bolsa de Equipaje de Los Hombres",
        "Maleta de Moda",
        "Maleta Plegable",
        "Bolsa de Equipaje de Cachucha",
        "Maleta de Lona",
        "Maleta de Ocio",
        "Bolsas de Equipaje de Lona",
        "Maleta Deportiva",
        "Bolso de La Maleta",
        "Bolsa de Equipaje de Hombro",
        "Maleta de Nylón",
        "Bolsa de Equipaje de Negocios",
        "Maleta Portatil",
        "Bolsas de Equipaje de Deporte"
    ],
    "12450": [
        "Zapatos Mocasines",
        "Zapatos de Primavera",
        "Zapatos con Cordones ",
        "Zapatos de Lona",
        "Zapatos para Caminar",
        "Zapatos de Ocio",
        "Zapatos de Cuero",
        "Zapatos de Gamuza",
        "Zapatos de Verano",
        "Zapatos de Conducción",
        "Zapatos de Mocasin",
        "Zapatos de Tendencia",
        "Zapatos Cómodaos",
        "Zapatos Hechos a Mano",
        "Zapatos Coreanos",
        "Zapatos del Punto",
        "Zapatos Transpirables",
        "Zapatos de Negocios",
        "Zapatos de Pies"
    ]
}