{
    "11283": [
        "Куртка для мужчин",
        "Женская толстовка",
        "Мужская белая футболка",
        "Черные штаны",
        "Женские модные блузки",
        "Женские розовые толстовки",
        "Мужские розовые толстовки",
        "Мужские рубашки",
        "Бейсбольная куртка",
        "Кожаный пиджак",
        "Спортивная футболка",
        "Хлопковые рубашки",
        "Повседневные платья",
        "Сексуальные джинсовые шорты",
        "Юбка",
        "Рубашка-платье",
        "Сексуальное платье",
        "Теплые свитера"
    ],
    "11284": [
        "Куртки с воротником",
        "Синие куртки",
        "Черная куртка",
        "Красная куртка",
        "Куртка из хлопка",
        "Модные куртки",
        "Куртка из полиэстера",
        "Куртки с воротником",
        "Куртка с карманами",
        "Тонкая куртка",
        "Кожаный пиджак",
        "Ветровки",
        "Спортивная куртка",
        "Бейсбольная куртка",
        "Куртка с капюшоном",
        "Мягкая куртка",
        "Весенняя куртка",
        "Теплые куртки",
        "Куртка из хлопка",
        "Куртки для активного отдыха",
        "Куртка с молнией"
    ],
    "11285": [
        "Спортивные толстовки",
        "Хлопковая толстовка",
        "Модные толстовки",
        "Кожаная толстовка",
        "Ветровка с капюшоном",
        "Толстовка с молнией",
        "Бейсбольные толстовки",
        "Теплые толстовки",
        "Молодежные толстовки",
        "Толстые толстовки",
        "Тонкие толстовки",
        "Хлопчатобумажные толстовки",
        "Толстовка из полиэстера",
        "Спортивный свитшот",
        "Бейсбольные свитшоты",
        "Модные толстовки",
        "Толстовки с длинным рукавом",
        "Куртки с воротником",
        "Куртка с карманами",
        "Куртка с длинным рукавом",
        "Теплая толстовка",
        "Молодежные толстовки",
        "Толстовка для активного отдыха"
    ],
    "11286": [
        "Рубашка с рисунком",
        "Рубашка-платье",
        "Рубашки мужские",
        "Рубашки с длинными рукавами",
        "Клетчатые рубашки",
        "Рубашки с короткими рукавами",
        "Повседневные рубашки",
        "Хлопчатобумажная рубашка",
        "Фиолетовая рубашка",
        "Цветная рубашка",
        "Летние рубашки",
        "Деловые рубашки",
        "Рубашки",
        "Рубашка с длинными рукавами",
        "Модная рубашка",
        "Высокая рубашка",
        "Офисные рубашки",
        "Осенние рубашки",
        "Тонкая рубашка"
    ],
    "11288": [
        "Короткие штаны",
        "Спортивные шорты",
        "Хлопковые шорты",
        "Пляжные шорты",
        "Летние шорты",
        "Шорты",
        "Камуфляжные шорты",
        "Повседневные шорты",
        "Модные шорты",
        "Мужские шорты",
        "Фирменные шорты",
        "Шорты для активного отдыха",
        "Шорты с карманами",
        "Сухие шорты"
    ],
    "11289": [
        "Черные брюки",
        "Повседневные брюки",
        "Удобные брюки",
        "Хлопковые штаны",
        "Модные брюки",
        "Хаки брюки",
        "Длинные брюки",
        "Свободные брюки",
        "Брюки",
        "Брюки для вечеринок",
        "Брюки из полиэстера",
        "Короткие штаны",
        "Тонкие брюки",
        "Спортивные штаны",
        "Прямые штаны",
        "Летние брюки",
        "Брюки",
        "Белые штаны",
        "Деловые брюки",
        "Обычные брюки"
    ],
    "11290": [
        "Кардиган",
        "Свитер для мужчин",
        "Шерстяной свитер",
        "Свитер с капюшоном",
        "Пальто свитер",
        "Пуловер",
        "Куртка свитер",
        "Длинный свитер",
        "Свитер с флисом",
        "Свитер с молнией",
        "Модные свитера",
        "Теплые свитера",
        "Свободный свитер",
        "Клетчатый свитер",
        "Толстые свитера",
        "Модный свитер",
        "Повседневные свитера",
        "Свитер с горлышком",
        "Свитер свитшот"
    ],
    "11319": [
        "Кухонный декор",
        "Декорация для стен",
        "Металлическая декора",
        "Декорирование деревянных стен",
        "Цветочный декор",
        "Настенная живопись",
        "Золотой декор",
        "Современный декор стен",
        "Настенный висячий декор",
        "Краска для металлических стен",
        "Серебряный стенной декор",
        "Картины",
        "Современный домашний декор",
        "Цветочное украшение для дома",
        "Простое домашнее украшение",
        "Симпатичный домашний декор",
        "Золотой домашний декор",
        "Домашний декор",
        "Пластиковые коврики",
        "Декоративные коврики для стола",
        "Деревянные коврики",
        "Картины на холсте"
    ],
    "11335": [
        "Свадебные костюмы",
        "Костюмы для жениха",
        "Длинный костюм",
        "Костюмный жилет",
        "Деловой костюм",
        "Блейзер",
        "Повседневный костюм",
        "Приталенный костюм",
        "Костюмы",
        "Модный костюм",
        "Мужские костюмы"
    ],
    "11344": [
        "Сумка",
        "Водонепроницаемый рюкзак",
        "Повседневные рюкзаки",
        "Сумка для улицы",
        "Большая сумка",
        "Мягкие сумочки",
        "Сумки для хранения",
        "Рюкзак",
        "Клатчи",
        "Холщовая сумка",
        "Симпатичные сумки",
        "Кошелек для кредитных карт",
        "Мобильный кошелек",
        "Рюкзак для ноутбуков",
        "Рюкзак с защитой от воров"
    ],
    "11629": [
        "Деревянная ложка",
        "Суповая ложка",
        "Детские ложки",
        "Вилка",
        "Пластиковая ложка",
        "Кофейная ложка",
        "Маленькая ложка",
        "Японская ложка",
        "Соломенная ложка",
        "Мультяшная ложка",
        "Рисовая ложка",
        "Половник",
        "Длинная ложка",
        "Большая ложка",
        "Стальная ложка"
    ],
    "11636": [
        "Кухонная мойка",
        "Полки для кухни",
        "Кухонное хранение",
        "Кухонная стойка",
        "Кухонные полотенца",
        "Домашняя кухня",
        "Кухонные перчатки",
        "Кухонная духовка",
        "Для выпечки",
        "Творческая кухня",
        "Мультяшная кухня",
        "Кухонный нарукавник",
        "Кухонные принадлежности",
        "Кухонные крючки",
        "Кухонный нагреватель",
        "Микроволновая печь"
    ],
    "11648": [
        "Средства для чистки туалетов",
        "Бутылка с соской",
        "Держатель для зубных щеток",
        "Держатель для настенного крепления стены",
        "Банное полотенце",
        "Мочалка для ванны",
        "Банный шар",
        "Душ",
        "Душевая занавеска",
        "Стойка для зубных щеток",
        "Стойки для хранения"
    ],
    "11666": [
        "Домашние животные",
        "Хомяки",
        "Домашние животные",
        "Симпатичные домашние животные",
        "Лепестки цветка",
        "Домашние животные",
        "Маленькие домашние животные",
        "Игрушки для домашних животных",
        "Медведь",
        "Кот",
        "Щенок",
        "Рыбки"
    ],
    "11715": [
        "Для кухни",
        "Кухонный уголок",
        "Аксессуары для кухни",
        "Кухонные принадлежности",
        "Кухонная техника",
        "Кухонные ручки",
        "Домашняя кухня",
        "Модная кухня",
        "Пивная кухня",
        "Кремовая кухня",
        "Пекарня",
        "Творческая кухня",
        "Кухонный слайсер",
        "Для еды",
        "Стальная кухня",
        "Фруктовая кухня",
        "Кухня заклинаний"
    ],
    "11718": [
        "Чашка кофе",
        "Чашка чая",
        "Пластиковые стаканы",
        "Модная чашка",
        "Двойная чашка",
        "Стеклянная чашка",
        "Чашки",
        "Кружка термос",
        "Деловая кружка",
        "Кружка",
        "Чашки",
        "Вакуумная чашка",
        "Кружка для воды",
        "Керамическая кружка",
        "Питьевые кружка",
        "Кружка",
        "Спортивная чашка",
        "Мультяшная чашка",
        "Чашка с логотипом",
        "Чашка для молока",
        "Стальная чашка",
        "Детская кружка",
        "Подарочная кружка"
    ],
    "11725": [
        "Принадлежности для вечеринок",
        "Вечеринка в честь Дня рождения",
        "Праздничные украшения",
        "Рождественская вечеринка",
        "Освещение для вечеринки",
        "Свадьба",
        "Воздушные шары",
        "Места проведения вечеринок",
        "Ночная вечеринка",
        "Домашняя вечеринка",
        "Звездная вечеринка",
        "Винная вечеринка",
        "Сказочная вечеринка",
        "Вечеринка",
        "Вечеринка",
        "Модный вечер"
    ],
    "11729": [
        "Кухонные бутылки для хранения",
        "Контейнер для хранения",
        "Ящик для хранения продуктов",
        "Резервуар",
        "Сумки для сортировки одежды",
        "Коробка для хранения грузов",
        "Ящик для хранения",
        "Сумки для хранения",
        "Большой ящик для хранения"
    ],
    "11797": [
        "Алмазные кольца",
        "Золотая цепь",
        "Золотые серьги",
        "мужские браслеты",
        "Золотое кольцо",
        "Мужские кольца",
        "Бриллиантовые серьги",
        "Серьги для мужчин",
        "Золотое ожерелье",
        "Бриллиантовое колье",
        "Мужские ожерелья",
        "Жемчужное ожерелье",
        "Золотой браслет",
        "Золотые украшения",
        "Серьги кисточки",
        "Крестовое ожерелье",
        "Мужские украшения",
        "Мужские цепи",
        "Жемчужные серьги",
        "Кольца",
        "Стальные серьги",
        "Бриллиантовый браслет",
        "Модное ювелирное украшение",
        "Золотая подвеска",
        "Браслеты из бисера"
    ],
    "11845": [
        "Водонепроницаемый чехол",
        "Кожаные телефонные чехлы",
        "Защитные чехлы для телефонов",
        "Силиконовый чехол для телефона",
        "Портативный Usb вентилятор",
        "Ударопрочный чехол для телефона",
        "Прозрачные телефонные чехлы",
        "Модные телефонные чехлы",
        "Мультяшные телефонные чехлы",
        "Кожаный ремешок",
        "Креативные чехлы",
        "Мягкие чехлы"
    ],
    "11848": [
        "Топик",
        "Футболки с принтами",
        "Безрукавка",
        "Футболка",
        "Рубашка с воротничком",
        "Кружевной топик",
        "Длинный топик",
        "Сексуальные топик",
        "Модные топики",
        "Обрезанная футболка",
        "Блузка",
        "Вышитые рубашки",
        "Рубашки с принтом",
        "Безрукавка",
        "Повседневные рубашки",
        "Без рукавов",
        "Безрукавные топики",
        "Хлопчатобумажная рубашка",
        "Кружевная блузка",
        "Сексуальные блузки",
        "Шифоновые топики",
        "Блузка с воротником",
        "Вышитая блузка",
        "Вышитая майка",
        "Шифоновая блузка"
    ],
    "11849": [
        "Рубашка-платье",
        "Платье с длинным рукавом",
        "Повседневные платья",
        "Сексуальное платье",
        "Кардиган",
        "Модное платье",
        "Вязанное платье",
        "Свитер с высоким воротом",
        "Вязаный свитер",
        "Водолазка",
        "Пуловерный свитер",
        "Платье кардиган",
        "Сексуальные свитера",
        "Теплые пальто",
        "Свободное платье",
        "Пальто кардиган",
        "Короткое пальто",
        "Платья с рукавами",
        "Повседневное пальто",
        "Модные пальто",
        "Модные свитера",
        "Свитер с длинным рукавом",
        "Теплые свитера",
        "Платье с высоким воротником",
        "Трикотажное пальто",
        "Свободный свитер",
        "Короткие свитера",
        "Тонкое платье",
        "Теплые платья",
        "Пуловер"
    ],
    "11877": [
        "Кожаный пиджак",
        "Худи для мужчин",
        "Бейсбольная куртка",
        "Белая футболка",
        "Ветровка с капюшоном",
        "Модная футболка",
        "Куртка из хлопка",
        "Теплое пальто",
        "Кажуал брюки",
        "Футболки поло",
        "Рубашки в клеточку",
        "Спортивные шорты",
        "Цветные рубашки",
        "Деловые сорочки",
        "Блейзер",
        "Куртки"
    ],
    "11878": [
        "Джинсы на высокой талии",
        "Повседневные платья",
        "Сексуальное платье",
        "Цветочные платья",
        "Спортивный бюстгальтер",
        "Толстовки с капюшоном",
        "Блузка без рукавов",
        "Шифоновая блузка",
        "Спортивный бюстгальтер",
        "Худи толстовка",
        "Куртка на молнии",
        "Кружевная блузка",
        "Повседневные рубашки",
        "Вышитая блузка",
        "Кожаные джинсовые леггинсы",
        "Джинсовая юбка",
        "Брюки с высокой посадкой"
    ],
    "11889": [
        "Кожаная куртка для женщин",
        "Женское меховое пальто",
        "Кардиганы для женщин",
        "Ветровка",
        "Пуховик",
        "Длинный кардиган",
        "Шерстяное пальто",
        "Кардиган",
        "Длинное пальто",
        "Парка",
        "Модная куртка",
        "Пуховик",
        "Ватник",
        "Шерстяная куртка",
        "Пальто свитер",
        "Пальто с капюшоном",
        "Куртка свитер",
        "Теплые куртки",
        "Куртка из хлопка",
        "Кардиган с капюшоном",
        "Теплые пальто",
        "Повседневная куртка",
        "Короткая куртка",
        "Шерстяной кардиган",
        "Куртка с молнией",
        "Куртка кардиган",
        "Повседневное пальто",
        "Хлопковый кардиган"
    ],
    "11895": [
        "Спортивный бюстгальтер"
    ],
    "11896": [
        "Цветочные платья"
    ],
    "11897": [
        "Сексуальное платье"
    ],
    "11898": [
        "Сумка для путешествий",
        "Сумка для обеда",
        "Рюкзак",
        "Умывальник",
        "Сумки для багажа",
        "Холщовая сумка",
        "Ручная сумка",
        "Косметичка",
        "Водостойкая сумка",
        "Сумка",
        "Сумки для хранения",
        "Сумки для одежды",
        "Сумка для бизнеса",
        "Симпатичные сумки",
        "Автомобильная сумка",
        "Мультяшная сумка",
        "Сумка для активного отдыха",
        "Сумки Оксфорд",
        "Сумки прямые",
        "Складная сумка",
        "Материнская сумка",
        "Бюстгальтер с эффектом пуш-ап",
        "Сумка",
        "Водонепроницаемый рюкзак",
        "Повседневные рюкзаки",
        "Jelly Bag",
        "Большая сумка",
        "Мягкие сумочки",
        "Сумки для хранения",
        "Рюкзак",
        "Сумки для муфт",
        "Холщовая сумка",
        "Симпатичные сумки",
        "Кошелек для кредитной карты",
        "Мобильный кошелек",
        "Рюкзак для ноутбуков",
        "Рюкзак для защиты от воров",
        "Сумка",
        "Наплечные рюкзаки",
        "Модная сумочка"
    ],
    "11899": [
        "Кошелек для кредитных карт",
        "Кошелек для путешествий",
        "Кожаный кошелек",
        "Мобильный кошелек",
        "Кошелек для монет",
        "Паспортный кошелек",
        "Телефонный кошелек",
        "Кошелек для денег",
        "Маленький кошелек",
        "Кошелек",
        "Тонкий кошелек",
        "Повседневные кошельки",
        "Симпатичные кошельки",
        "Кошелек с молнией",
        "Кошелек для ключей",
        "Кошелек",
        "Мультяшный кошелек",
        "Клатч",
        "Длинный кошелек",
        "Кошелёк для документов",
        "Мульти-кошелек",
        "Простой кошелек",
        "Крест-кошельки",
        "Кошелек с бумажником",
        "Холст-кошелек",
        "Многофункциональный кошелек",
        "Кружевное платье"
    ],
    "11900": [
        "Сексуальный бюстгальтер"
    ],
    "11901": [
        "Сексуальные трусики"
    ],
    "11902": [
        "Хлопковое платье"
    ],
    "11903": [
        "Вышитое платье"
    ],
    "11904": [
        "Модное платье"
    ],
    "11905": [
        "Бюстгальтер"
    ],
    "11906": [
        "Модный стакан"
    ],
    "11907": [
        "Стринги"
    ],
    "11908": [
        "Удобные бюстгальтеры"
    ],
    "11909": [
        "Хлопковый бюстгальтер"
    ],
    "11910": [
        "Спортивное платье"
    ],
    "11911": [
        "Чашка с картинкой"
    ],
    "11912": [
        "Леопардовое платье"
    ],
    "11913": [
        "Хлопковые трусики"
    ],
    "11914": [
        "Бюстгальтер без бретелек"
    ],
    "11915": [
        "Бесшовные трусики"
    ],
    "11916": [
        "Кружевные трусики"
    ],
    "11917": [
        "Longbranch"
    ],
    "11918": [
        "Спортивный термос"
    ],
    "11926": [
        "Футболки поло",
        "Футболки с длинными рукавами",
        "Футболка",
        "Футболка с воротником",
        "Футболки",
        "Футболки с короткими рукавами",
        "Футболки с принтами",
        "Повседневные футболки",
        "Футболка из хлопка",
        "Спортивная футболка",
        "Футболка из полиэстера",
        "Летние майки",
        "Футболки",
        "Белая футболка",
        "Модная футболка",
        "Футболка топик"
    ],
    "12095": [
        "Женская Футболка с принтом",
        "Рубашка-платье",
        "Рубашки с длинными рукавами",
        "Белая рубашка",
        "Клетчатые рубашки",
        "Блузка с воротником",
        "Белая блузка",
        "Полосатая рубашка",
        "Футболки женские",
        "Симпатичные рубашки",
        "Рубашки с короткими рукавами",
        "Вышитые рубашки",
        "Цветочная рубашка",
        "Печатные рубашки",
        "Безрукавка",
        "Повседневные рубашки",
        "Блузки без рукавов",
        "Хлопчатобумажные рубашки",
        "Кружевная блузка",
        "Фиолетовая рубашка",
        "Сексуальные блузки",
        "Куртка рубашка",
        "Шифон блузка",
        "Рубашка-блузка"
    ],
    "12119": [
        "Шорты с высокой талией",
        "Джинсовая юбка",
        "Короткие джинсовые шорты",
        "Короткая джинсовая юбка",
        "Сексуальные джинсовые шорты",
        "Короткие брюки",
        "Джинсовые шорты",
        "Джинсовые леггинсы с высокой талией",
        "Короткие скинни джинсы",
        "Брюки с высокой талией",
        "Штаны для йоги",
        "Брюки с высокой талией",
        "Прямые леггинсы",
        "Джинсовые брюки",
        "Джинсовые штаны",
        "Кожаные джинсовые леггинсы",
        "Прямые брюки",
        "Короткие джинсы"
    ],
    "12124": [
        "Флисовая жилетка",
        "Худи без рукавов",
        "Спортивная куртка",
        "Спортивная куртка",
        "Длинное пальто",
        "Толстовки с капюшоном",
        "Длинная куртка",
        "Худи",
        "Верхняя одежда",
        "Рубашка с капюшоном",
        "Длинная толстовка",
        "Печатные толстовки",
        "Теплые куртки",
        "Куртка из хлопка",
        "Теплые пальто",
        "Повседневная куртка",
        "Короткая куртка",
        "Длинная толстовка",
        "Спортивные толстовки",
        "Куртка с молнией"
    ],
    "12131": [
        "Обувь для хайкинга",
        "Баскетбольные кроссовки",
        "Тканевая обувь",
        "Кроссовки",
        "Сандалии",
        "Обувь ручной работы",
        "Обувь для вождения",
        "Зимние сапоги",
        "Замшевые сапоги",
        "Высокие сапоги",
        "Обувь для ходьбы",
        "Деловая обувь",
        "Оксфорды",
        "Классная обувь",
        "Уличная обувь"
    ],
    "12132": [
        "Обувь",
        "Ботинки мужские",
        "Баскетбольные кроссовки",
        "Беговая обувь",
        "Спортивная обувь",
        "Обувь для скейтов",
        "Кожаная обувь",
        "Оксфорды",
        "Обувные шнурки",
        "Туфли",
        "Обувь на плоской подошве",
        "Кроссовки",
        "Тканевая обувь",
        "Обувь для ходьбы",
        "Повседневная обувь",
        "Классная обувь",
        "Кожаные туфли",
        "Ботинки",
        "Кроссовки",
        "Носки",
        "Лёгкая обувь",
        "Замшевые туфли",
        "Пляжная обувь",
        "Обувь для вождения",
        "Модная обувь",
        "Летняя обувь",
        "Легкая обувь",
        "Ретро-обувь",
        "Сандалии",
        "Популярная обувь",
        "Мокасины",
        "Трендовая обувь",
        "Простые туфли",
        "Тапочки",
        "Мягкая обувь",
        "Обувь на шнурках",
        "Удобная бувь",
        "Обувь ручной работы",
        "Высокая обувь"
    ],
    "12135": [
        "Обувь для женщин",
        "Женские сандалии",
        "Женские тапочки",
        "Обувь на плоской подошве",
        "Босоножки на каблуке",
        "Повседневная обувь",
        "Удобная обувь",
        "Кожаные туфли",
        "Плоские сандалии",
        "Бальные туфли",
        "Обувь на каблуках",
        "Зимняя обувь",
        "Комфортные сандалии",
        "Модная обувь",
        "Кожаные сандалии",
        "Повседневные сапоги",
        "Тапочки на каблуке",
        "Кожаные тапочки",
        "Модные сандалии",
        "Высокая обувь",
        "Дышащие туфли",
        "Плоские тапочки",
        "Теплые тапочки"
    ],
    "12168": [
        "Повседневные сумки",
        "Бумажники",
        "Сумки",
        "Мультяшный чемодан",
        "Наплечная сумка для багажа",
        "Компьютерный рюкзак",
        "Водонепроницаемый рюкзак",
        "Сумка для путешествий",
        "Рюкзак",
        "Косметичка",
        "Повседневная обувь",
        "Мужские ботинки",
        "Обувь для ходьбы",
        "Кожаные туфли",
        "Обувь для вождения",
        "Модная обувь",
        "Популярная обувь",
        "Сандалии",
        "Замшевые сапоги",
        "Кожаная обувь",
        "Обувь для улицы",
        "Дышащие сандалии"
    ],
    "12188": [
        "Папки для документов",
        "Деревянный шкаф",
        "Деревянные фоторамки",
        "Простая фоторамка",
        "Пластиковый шкаф",
        "Висячие фоторамки",
        "Пластиковые папки для файлов",
        "Рамка для фото",
        "Фоторамка",
        "Креативные фоторамки",
        "Кожаная папка с файлами",
        "Тумбочка",
        "Канцелярский шкаф",
        "Прозрачная рамка для фотографий",
        "Подвесной шкаф",
        "Подвесной держатель для файлов",
        "Кожаная фоторамка",
        "Пластиковый держатель",
        "Пластиковые фоторамки",
        "Вертикальные файловые папки"
    ],
    "12271": [
        "Ботильоны",
        "Мужские ботинки",
        "Рабочие ботинки",
        "Зимние сапоги",
        "Ботинки",
        "Меховые сапоги",
        "Кожаные ботинки",
        "Плоские сапоги",
        "Замшевые сапоги",
        "Шнурки",
        "Длинные сапоги",
        "Короткие сапоги",
        "Модные сапоги",
        "Теплые сапоги",
        "Брендовые ботинки",
        "Повседневные сапоги",
        "Комфортные сапоги"
    ],
    "12274": [
        "Плоские сандалии",
        "Сандалии",
        "Кожаные сандалии",
        "Прогулочные сандалии",
        "Пляжные сандалии",
        "Комбинированные сандалии",
        "Сандалии на застежках",
        "Брендовые сандалии",
        "Корейские сандалии",
        "Ткваневые сандалии",
        "Кожаные сандалии",
        "Молодежные сандалии",
        "Флип-сандалии",
        "Дышащие сандалии"
    ],
    "12275": [
        "Кожаные тапочки",
        "Сандалии тапочки",
        "Дизайнерские тапочки",
        "Домашние тапочки",
        "Классные тапочки",
        "Плоские тапочки",
        "Модные тапочки",
        "Тапочки без скольжения",
        "Тапочки",
        "Повседневные тапочки"
    ],
    "12322": [
        "Школьные сумки",
        "Сумка для путешествий",
        "Сумка для ноутбука",
        "Рюкзак",
        "Рюкзак для путешествий",
        "Рюкзак для ноутбуков",
        "Кожаный рюкзак",
        "Водонепроницаемый рюкзак",
        "Сумки для колледжа",
        "Спортивная сумка",
        "Холщовая сумка",
        "Модные рюкзаки",
        "Рюкзак для работы",
        "Компьютерный рюкзак",
        "Большие рюкзаки",
        "Сумка из нейлона",
        "Открытый рюкзак",
        "Нейлоновый рюкзак",
        "Рюкзак мультики",
        "Оксфордские сумки",
        "Повседневные рюкзаки",
        "Двойной пакет",
        "Горная сумка",
        "Рюкзак плеча",
        "Простой рюкзак",
        "Рюкзак для кампуса"
    ],
    "12323": [
        "Крестообразная сумка для мужчин",
        "Кожаный чехол",
        "Крестообразная сумка для путешествий",
        "Маленькая сумка",
        "Сумка из холста",
        "Сумка",
        "Сумка на плечо",
        "Сумка для сухожилий",
        "Спортивная сумка",
        "Водонепроницаемая сумка",
        "Сумка винтажная",
        "Повседневные сумки",
        "Сумки",
        "Сумка крестообразная",
        "Модные сумочки",
        "Простая сумка",
        "Сумка для активного отдыха",
        "Ретро сумка",
        "Сумка из полиэстера",
        "Сундук",
        "Сумка"
    ],
    "12324": [
        "Кожаные сумки",
        "Мужские сумки",
        "Рюкзаки",
        "Сумки из кроссворда",
        "Сумки для путешествий",
        "Сумки для ноутбуков",
        "Ранец",
        "Сумки из холста",
        "Наплечные сумки",
        "Модные сумки",
        "Повседневные сумки",
        "Сумки с длинными ручками",
        "Ручная сумочка",
        "Крестовые сумочки",
        "Сумка для бумажника",
        "Простые сумочки",
        "Деловая сумочка",
        "Сумки на молнии",
        "Сумки Messenger",
        "Сумка для портфеля",
        "Компьютерная сумочка",
        "Большие сумки",
        "Сумочка"
    ],
    "12325": [
        "Сумка для мужчин",
        "Кожаная сумка для талии",
        "Нательная сумка",
        "Сумка на талию для бега",
        "Сумка для путешествий",
        "Модная нательная сумка",
        "Нательная тактическая сумка",
        "Нательная водонепроницаемая сумка",
        "Нательная спортивная сумка",
        "Маленькая нательная сумка",
        "Нательная сумка на плечи",
        "Большая нательная сумка",
        "Нательная сумка для денег",
        "Нательная сумка из холста",
        "Нательная сумка для активного отдыха",
        "Забавная нательная сумка",
        "Нательная сумка для телефона",
        "Повседневная нательная сумка"
    ],
    "12371": [
        "Свадебные туфли",
        "Кожаные туфли",
        "Оксфорды",
        "Обувные шнурки",
        "Платья",
        "Обувь на плоской подошве",
        "Повседневная обувь",
        "Классные туфли",
        "Официальная обувь",
        "Кожаные туфли",
        "Носки",
        "Обувь для вождения",
        "Трендовые туфли",
        "Мягкая обувь",
        "Комфортная обувь",
        "Обувь ручной работы",
        "Обувь для улицы",
        "Классическая обувь",
        "Заостренная обувь",
        "Дышащие туфли"
    ],
    "12400": [
        "Рюкзаки для школы",
        "Рюкзак для путешествий",
        "Рюкзак для ноутбуков",
        "Кожаный рюкзак",
        "Маленький рюкзак",
        "Водонепроницаемый рюкзак",
        "Симпатичные рюкзаки",
        "Детские рюкзаки",
        "Рюкзак из ткани",
        "Рюкзаки",
        "Ранец",
        "Компьютерный рюкзак",
        "Большие рюкзаки",
        "Детские рюкзаки",
        "Маленькие рюкзаки",
        "Открытый рюкзак",
        "Нейлоновый рюкзак",
        "Мультяшный рюкзак",
        "Студенческий рюкзак",
        "Повседневные рюкзаки",
        "Рюкзак на плечи",
        "Простой рюкзак",
        "Рюкзак для кемпинга",
        "Рюкзак для маленьких"
    ],
    "12401": [
        "Крестообразные сумочки",
        "Сумка",
        "Наплечная сумка",
        "Большая сумка",
        "Женские сумки",
        "Сумки из кожи",
        "Сумка",
        "Тканевая сумка",
        "Ручная сумка",
        "Мешковина",
        "Маленькая сумка",
        "Модная сумка",
        "Сумки для упаковки",
        "Сумка",
        "Сумка",
        "Прозрачная сумка",
        "Сумка с цепью",
        "Симпатичные сумки",
        "Большая сумка",
        "Сумка для телефона",
        "Сумки для упаковки",
        "Трендовые сумки",
        "Сумки прямые",
        "Сумка Sequin",
        "Повседневные сумки",
        "Простая сумка",
        "Квадратные сумки"
    ],
    "12404": [
        "Сумка",
        "Сумочки",
        "Сумка",
        "Рюкзак",
        "Клатч",
        "Кожаные сумки",
        "Фирменные сумки",
        "Сумки",
        "Тканевая сумка",
        "Сумка",
        "Роскошные сумки",
        "Маленькие сумочки",
        "Дизайнерская сумка",
        "Модные сумки",
        "Сумочки",
        "Винтажные сумки",
        "Симпатичные сумки",
        "Сумки для кошельков",
        "Большая сумка",
        "Сумки для упаковки",
        "Сумка с кисточкой",
        "Трендовые сумки",
        "Крокодиловые сумочки",
        "Повседневные сумки",
        "Классические сумочки",
        "Элегантные сумки",
        "Сумка с ручкой",
        "Материнские сумочки",
        "Простые сумочки",
        "Мягкие сумочки"
    ],
    "12407": [
        "Кошелек для кредитной карты",
        "Кожаный кошелек",
        "Мобильный кошелек",
        "Цепной кошелек",
        "Кошелек для монет",
        "Паспортный кошелек",
        "Телефонный кошелек",
        "Кошелек для денег",
        "Бумажник кошелек",
        "Симпатичные кошельки",
        "Кошелек с молнией",
        "Кошелек для ключей",
        "Карманный кошелек",
        "Кошелек",
        "Мультяшный кошелек",
        "Клатч",
        "Длинный кошелек",
        "Мульти-кошелек",
        "Простой кошелек",
        "Тканевый кошелек",
        "Большой кошелек",
        "Кошелек",
        "Автомобильный кошелек",
        "Модный кошелек"
    ],
    "12409": [
        "Детские чемоданы",
        "Чемодан для путешествий",
        "Рюкзак чемодан",
        "Чемодан для багажа",
        "Чемодан",
        "Чемодан для багажа",
        "Деловой чемодан",
        "Сумки для багажа с колесами",
        "Кейс для костюма",
        "Водонепроницаемый чемодан",
        "Мужская сумка для багажа",
        "Модный чемодан",
        "Складной чемодан",
        "Сумка для багажа рюкзака",
        "Чемодан",
        "Чемодан для отдыха",
        "Сумки для багажа из холста",
        "Спортивный чемодан",
        "Сумка для чемоданов",
        "Наплечная сумка для багажа",
        "Нейлоновый чемодан",
        "Деловой чемодан",
        "Портативный чемодан",
        "Сумки спортивные"
    ],
    "12450": [
        "Кожаные ботинки",
        "Весенняя обувь",
        "Обувные шнурки",
        "Тканевые туфли",
        "Обувь для ходьбы",
        "Повседневные туфли",
        "Кожаные туфли",
        "Замшевые туфли",
        "Летние туфли",
        "Обувь для вождения",
        "Мокасины",
        "Трендовые туфли",
        "Удобные туфли",
        "Обувь ручной работы",
        "Корейская обувь",
        "Обувь",
        "Дышащие туфли",
        "Деловые туфли",
        "Обувь для ног"
    ]
}