{
    "11283": [
        "Erkekler için Ceketler",
        "Bayanlar için Kapşonlu",
        "Beyaz Erkek Tişörtü",
        "Siyah Erkek Pantolonu",
        "Bayanlar için Şık Bluz",
        "Bayanlar için Pembe Kapşonlu",
        "Erkekler için Pembe Kapşonlu",
        "Erkeler için Gündelik Gömlek",
        "Beyzbol Ceketi",
        "Deri Ceket",
        "Sportif Tişört",
        "Pamuklu Tişört",
        "Gündelik Elbise",
        "Seksi Kot Şort",
        "Kot Kalem Etek",
        "Gömlek Elbise",
        "Seksi Elbise",
        "Sıcak Tutan Kazaklar"
    ],
    "11284": [
        "Stand Yakalı Ceket",
        "Mavi Ceket",
        "Siyah Ceket",
        "Kırmızı Ceket",
        "Pamuklu Ceket",
        "Şık Ceket",
        "Polyester Ceket",
        "Mandarin Yakalı Ceket",
        "Çok Cepli Ceket",
        "Dar Ceket",
        "Deri Ceket",
        "Rüzgarlık Ceket",
        "Spor Ceket",
        "Beyzbol Ceketi",
        "Kapşonlu Ceket",
        "Yastıklı Ceket",
        "İlkbaharlık Ceket",
        "Sıcak Tutan Ceket",
        "Pamuklu Ceket",
        "Dış Mekan Ceket",
        "Fermuarlı Ceket"
    ],
    "11285": [
        "Spor Kapşonlu",
        "Pamuklu Kapşonlu",
        "Şık Kapşonlu",
        "Deri Kapşonlu",
        "Rüzgarlık Kapşonlu",
        "Fermuarlı Kazak",
        "Beyzbol Kapşonlu",
        "Sıcak Tutan Kapşonlu",
        "Gençlik Kapşonlu",
        "Kalın Kapşonlu",
        "İnce Kapşonlu",
        "Pamuklu Kazak",
        "Polyester Kapşonlu",
        "Spor Kazak",
        "Beyzbol Kazak",
        "Şık Kazak",
        "Uzun Kollu Kapşonlu",
        "Stand Yakalı Ceket",
        "Çok Cepli Ceket",
        "Uzun Kollu Ceket",
        "Sıcak Tutan Kazak",
        "Gençlik Kazakı",
        "Dış Mekan Kapşonlu"
    ],
    "11286": [
        "Baskılı Şort",
        "Gömlek Elbise",
        "Erkek Gömlek",
        "Uzun Kollu Gömlek",
        "Ekose Gömlek",
        "Kısa Kollu Gömlek",
        "Gündelik Gömlek",
        "Pamuklu Gömlek",
        "Mor Gömlek",
        "Renkli Gömlek",
        "Yazlık Gömlek",
        "İş Adamı Gömlek",
        "Fit Gömlek",
        "Uzun Kollu Gömlek",
        "Şık Gömlek",
        "Popüler Gömlek",
        "Ofis Gömlek",
        "Sonbahar Gömlek",
        "Dar Gömlek"
    ],
    "11288": [
        "Kısa Pantolon",
        "Sportif Şort",
        "Pamuklu Şort",
        "Plaj Şort",
        "Yazlık Şort",
        "Çabuk Giyilebilen Şort",
        "Kamuflajlı Şort",
        "Gündelik Şort",
        "Şık Şort",
        "Erkek Şort",
        "Markalı Şort",
        "Dış Mekan Şort",
        "Cepli Şort",
        "Çabuk Kuruyan Şort"
    ],
    "11289": [
        "Siyah Pantolon",
        "Gündelik Pantolon",
        "Rahat Pantolon",
        "Pamuklu Pantolon",
        "Şık Pantolon",
        "Haki Pantolon",
        "Uzun Pantolon",
        "Bol Pantolon",
        "Erkek Pantolon",
        "Parti Pantolon",
        "Polyester Pantolon",
        "Kısa Pantolon",
        "Dar Pantolon",
        "Spor Pantolon",
        "Düz Pantolon",
        "Yazlık Pantolon",
        "Pantolon",
        "Beyaz Pantolon",
        "İş Pantolon",
        "Normal Pantolon"
    ],
    "11290": [
        "Hırka Kazak",
        "Erkekler İçin Kazak",
        "Yün Kazak",
        "Kapşonlu Kazak",
        "Kazak Mont",
        "Kazak Süveter",
        "Kazak Ceket",
        "Uzun Kazak",
        "Polar Kazak",
        "Fermuarlı Kazak",
        "Şık Kazak",
        "Sıcak Tutan Kazak",
        "Bol Kazak",
        "Ekose Kazak",
        "Kalın Kazak",
        "Fit Kazak",
        "Gündelik Kazak",
        "Boyunlu Kazak",
        "Kazak"
    ],
    "11319": [
        "Mutfak Duvar Dekorasyonu",
        "Duvar Sanat Dekorasyonu",
        "Metal Duvar Dekorasyonu",
        "Akşap Duvar Dekorasyonu",
        "Çicekli Duvar Dekorasyonu",
        "Duvar Sanat Resmi",
        "Altın Duvar Dekorasyonu",
        "Modern Duvar Dekorasyonu",
        "Duvara Asılabilen Dekorasyon",
        "Metal Duvar Resmi",
        "Gümüş Duvar Dekorasyonu",
        "Duvar Dekorasyon Resimleri",
        "Modern Ev Dekorasyonu",
        "Ev içib Çiçekli Dekorasyon",
        "Basit Ev Dekorasyonu",
        "Sevimli Ev Dekorasyonu",
        "Altın Ev Dekorasyonu",
        "Sanat Ev Dekorasyonu",
        "Plastic Masa Malzemeleri",
        "Dekoratic Masa Mazemeleri",
        "Tahta Masa Malzemeleri",
        "Tuval Duvar Resimleri"
    ],
    "11335": [
        "Düğün Takımları",
        "Damat Takımları",
        "Uzun Takım Elbise",
        "Takım Elbise Yelekleri",
        "İş Adamı Takıım Elbise",
        "Blazer Takım Elbise",
        "Gündelik Takım Elbise",
        "Dar Takım Elbise",
        "Takım Elbise Giyim",
        "Şık Takım Elbise",
        "Erkek Takım Elbise"
    ],
    "11344": [
        "Kese",
        "Su Geçirmez Çanta",
        "Gündelik Sırt Çantası",
        "Dış Mekan Çantası",
        "Büyük Çanta",
        "Yumuşak Çanta",
        "Depolama Çantası",
        "Omuz Çantası",
        "Kavrama El Çantası",
        "Canvas Çanta",
        "Sevimli Çantalar",
        "Kredi Kart Cüzdanı",
        "Telefon Cüzdanı",
        "Dizüstü Bilgisayar Çantası",
        "Anti-Hırsız Çanta"
    ],
    "11629": [
        "Tahta Kaşık",
        "Çorba Kaşıkları",
        "Bebek Kaşığı",
        "Çatal Kaşık",
        "Plastik Kaşık",
        "Kahve Kaşığı",
        "Küçük Kaşık",
        "Japon Kaşığı",
        "Saman Kaşık",
        "Çizgi Film Baskılı Kaşık",
        "Pirinç Kaşık",
        "Mutfak Kaşığı",
        "Uzun Kaşık",
        "Büyük Kaşık",
        "Çelik Kaşık"
    ],
    "11636": [
        "Mutfak Lavabosu",
        "Mutfak Rafları",
        "Mutfak Depolama",
        "Mutfak Rafı",
        "Mutfak Havluları",
        "Ev Mutfak",
        "Mutfak Eldivenleri",
        "Mutfak Fırını",
        "Fırıncı Mutfak",
        "Yaratıcı Mutfak",
        "Çizgi Film Baskılı Mutfak",
        "Mutfak El Aletleri",
        "Mutfak Tencere",
        "Mutfak Kancaları",
        "Mutfak Isıtıcı",
        "Mutfak Mikrodalga"
    ],
    "11648": [
        "Toilet Cleaner",
        "Vantuz",
        "Diş Fırçası Tutucu",
        "Duvar Vakumlu Tutucu",
        "Banyo Havlusu",
        "Banyo Fırçası",
        "Banyo Topu",
        "Banyo Duş",
        "Duş Perdesi",
        "Diş Fırçası Rafı",
        "Depolama Rafı"
    ],
    "11666": [
        "Evcil Hayvan Köpek",
        "Hamster Evcil Hayvan",
        "Ev Evcil Hayvan",
        "Sevimli Evcil Hayvanlar",
        "Çiçek Yaprakları",
        "Evcil Hayvan Plastik",
        "Küçük Evcil Hayvanlar",
        "Oyuncak Evcil Hayvan ",
        "Evcil Hayvan Ayı",
        "Evcil Hayvan Kedi",
        "Peluş Evcil Hayvan",
        "Su Evcil Hayvan"
    ],
    "11715": [
        "Mutfak DIY",
        "Mutfak Dekorasyonu",
        "Mutfak Aksesuarı",
        "Mutfak Aletleri",
        "Mutfak Yemek",
        "Mutfak Araçları",
        "Ev Mutfak",
        "Şık Mutfak ",
        "Bira Mutfak",
        "Krema Mutfak",
        "Fırıncı Mutfak",
        "Yaratıcı Mutfak",
        "Mutfak Dilimleyici",
        "Yemek Mutfak",
        "Çelik Mutfak",
        "Meyve Mutfak",
        "Büyü Mutfak"
    ],
    "11718": [
        "Kahve Fincanı",
        "Çay Fincanı",
        "Plasik Fincan",
        "Şık Fincan",
        "Çift Fincan",
        "Cam Fincan",
        "Özel Bardaklar",
        "Termos Bardak",
        "İş Dünyası Bardakları",
        "Aşk Fincan",
        "İzoleli Bardaklar",
        "Vakumlu Kupa",
        "Su Bardağı",
        "Seramik Bardak",
        "İçme Bardakları",
        "Mug Cup",
        "Sports Cup",
        "Cartoon Cup",
        "Cup Logo",
        "Milk Cup",
        "Steel Cup",
        "Childrens Cup",
        "Cup Gifts"
    ],
    "11725": [
        "Parti Eşyaları",
        "Doğumgünü Partisi",
        "Parti Dekorasyonları",
        "Yılbaşı Partisi",
        "Parti Işıklandırması",
        "Düğün Partisi",
        "Parti Balonları",
        "Parti Mekanları",
        "Gece Partileri",
        "Ev Partisi",
        "Yıldız Parti",
        "Şarap Parti",
        "Büyülü Parti",
        "Led Parti",
        "Parti DIY",
        "Şık Parti"
    ],
    "11729": [
        "Mutfak Depolama Şişeleri",
        "Mühürlü Saklama Kabı",
        "Yemek Saklama Kabı",
        "Saklama Tankı",
        "Giyim Sıralama Çantaları",
        "Seyahat Saklama Kutusu",
        "Yaratıcı Saklama Kutusu",
        "Saklama Çantaları",
        "Büyük Saklama Kutusu"
    ],
    "11797": [
        "Elmas Yüzükler",
        "Altın Zincir",
        "Altın Küpe",
        "Erkek Bileklik",
        "Altın Yüzük",
        "Erkek Yüzükleri",
        "Elmas Küpeler",
        "Erkek Küpeleri",
        "Altın Kolye",
        "Elmas Kolye",
        "Erkek Kolyeleri",
        "İnci Kolye",
        "Altın Bileklik",
        "Altın Takı",
        "Püsküllü Küpeler",
        "Çapraz Kolye",
        "Erkekler için Takılar",
        "Erkek Zincirleri",
        "İnci Küpeler",
        "Saflık Halkası",
        "Saplama Küpeleri",
        "Elmas Bilezik",
        "Şık Takılar",
        "Altın Kolye",
        "Boncuklu Bilezikler"
    ],
    "11845": [
        "Su Geçirmez Telefon Kılıfı",
        "Deri Telefon Kılıfları",
        "Koruyucu Telefon Kılıfları",
        "Silikon Telefon Kılıfları",
        "Usb Taşınabilir Fan",
        "Darbeye Dayanıklı Telefon Kılıfları",
        "Şeffaf Telefon Kılıfları",
        "Şık Telefon Kılıfları",
        "Çizgi Film Baskılı Telefon Kılılfları",
        "Deri Askılı Bileklik",
        "Yaratıcı Telefon Kılıfları",
        "Yumuşak Telefon Kılıfları"
    ],
    "11848": [
        "Kırpma Üstü",
        "Tişört Baskısı",
        "Kısa ve Kolsuz Bluz",
        "Tişört",
        "Yakalı Gömlek",
        "Dantelli Üst",
        "Uzun Üst",
        "Seksi Üst",
        "Popüler Moda",
        "Kesik Tişört",
        "Bluz Boyun",
        "İşlemeli Gömlek",
        "Baskılı Gömlek",
        "Kolsuz Gömlek",
        "Gündelik Gömlekler",
        "Kolsuz Bluz",
        "Kolsuz Üst",
        "Pamuklu gömlek",
        "Dantelli Bluz",
        "Seksi Bluzlar",
        "Şifon Üstler",
        "Yakalı Bluz",
        "Nakışlı Bluz",
        "Nakışlı Üst",
        "Şifon Bluz"
    ],
    "11849": [
        "Gömlek Elbise",
        "Uzun Kollu Elbise",
        "Güdelik Elbise",
        "Seksi Elbise",
        "Hırka Kazak",
        "Şık Elbise",
        "Örme Elbise",
        "Uzun Boğazlı Kazak",
        "Örgülü Kazak",
        "Uzun Boğazlı Elbise",
        "Kazak süveter",
        "Elbise Hırka",
        "Seksi Kazaklar",
        "Sıcak Tutan Ceket",
        "Bol Elbise",
        "Hırka Ceket",
        "Kısa Ceket",
        "Kollu Elbiseler",
        "Gündelik Mont",
        "Şık Mont",
        "Şık Kazak",
        "Uzun Kollu Kazak",
        "Sıcak Tutan Kazak",
        "Yüksek Yakalı Elbise",
        "Örme Mont",
        "Gevşek Kazak",
        "Kısa Kazak",
        "Dar Elbise",
        "Sıcak Tutan Elbise",
        "Kazak Elbise"
    ],
    "11877": [
        "Deri Ceket",
        "Erkekler için Kapşonlu",
        "Beyzbol Ceketi",
        "Beyaz Tişört",
        "Rüzgarlık Kapşonlu",
        "Şık Tişört",
        "Pamuklu Ceket",
        "Sıcak Tutan Ceketler",
        "Gündelik Pantolon",
        "Polo Tişört",
        "Ekose Gömlek",
        "Sportif Şortlar",
        "Renkli Şortlar",
        "İş Adamı Gömlek",
        "Blazer Takım Elbise",
        "Stand Yakalı Ceket"
    ],
    "11878": [
        "Yüksek Belli Kot Pantolon ",
        "Gündelik Elbise",
        "Seksi Elbise",
        "Çiçekli Elbiseler",
        "Sportif Sütyen",
        "Fermuarlı Kapşonlu",
        "Kolsuz Bluz",
        "Şifon Bluz",
        "Sportif Sütyen",
        "Kapşonlu Kazak ",
        "Fermuarlı Ceket",
        "Dantelli Bluz",
        "Gündelik Gömlek",
        "Nakışlı Bluz",
        "Dar Kot",
        "Kot Etek",
        "Yüksek Belli Kot Pantolon "
    ],
    "11889": [
        "Kadınlar için Deri Ceket",
        "Kadın Kürk",
        "Kadınlar İçin Hırka",
        "Rüzgarlık Ceket",
        "Ceket",
        "Uzun Hırka",
        "Yün Ceket",
        "Hırka Kazak",
        "Uzun Ceket",
        "Kapşonlu Ceket",
        "Şık Ceket",
        "Ceket",
        "Yastıklı Ceket",
        "Yün Ceket",
        "Kazak Ceket",
        "Kapşonlu Ceket",
        "Kazak Ceket",
        "Sıcak Tutan Ceket",
        "Pamuklu Ceket",
        "Kapüşonlu Hırka",
        "Sıcak Tutan Montlar",
        "Gündelik Ceket",
        "Kısa Ceket",
        "Yün Hırka",
        "Fermuarlı Ceket",
        "Hırka Ceket",
        "Gündelik Kaban",
        "Pamuklu Kaban"
    ],
    "11895": [
        "Spor Sütyen"
    ],
    "11896": [
        "Çiçekli Elbiseler"
    ],
    "11897": [
        "Seksi Elbiseler"
    ],
    "11898": [
        "Seyahat Çantası",
        "Yemek Çantası",
        "Omuz Çantası",
        "Leğen",
        "Bavul Valiz",
        "Canvas Çanta",
        "Kol Çamtası",
        "Kozmetik Çantası",
        "Su Geçirmez Çanta",
        "Kese",
        "Depolama Çantası",
        "Giysi Çantası",
        "İş Dünyası Çantası",
        "Sevimli Çantalar",
        "Araba Çantası",
        "Çizgi Film Baskılı Çantası",
        "Dış Mekan Çantası",
        "Oxford Çantası",
        "Doğrudan Çanta",
        "Katlanabilir Çanta",
        "Anne Çantası",
        "Push Up Sütyen",
        "Kese",
        "Su Geçirmez Çanta",
        "Gündelik Sırt Çantası",
        "Çanta",
        "Büyük Çanta",
        "Yumuşak Çanta",
        "Depolama Çantası",
        "Omuz Çantası",
        "Kavramalı El Çantası",
        "Canvas Çanta",
        "Sevimli El Çantaları",
        "Kredi Kart Cüzdanı",
        "Telefon Cüzdanı",
        "Dizüstü Bilgisayar Çantası",
        "Anti-Hırsız Çanta",
        "Kozmetik Çantası",
        "Omuz El Çantası",
        "Şık El Çantası"
    ],
    "11899": [
        "Kredi Kart Cüzdanı",
        "Seyahat Cüzdanı",
        "Deri Cüzdan",
        "Telefon Cüzdan",
        "Bozuk Para Cüzdanı",
        "Pasaport Cüzdanı",
        "Telefon Cüzdanı",
        "Para Cüzdanı",
        "Küçük Cüzdan",
        "Crossbody Cüzdan",
        "İnce Cüzdan",
        "Gündelik Cüzdan",
        "Sevimli Cüzdan",
        "Fermuarlı Cüzdan",
        "Anahtarlık Cüzdanı",
        "Cüzdan  ",
        "Çizgi Film Baskılı Cüzdan",
        "Kavramalı Cüzdan",
        "Uzun Cüzdan",
        "Kimlik Cüzdanı",
        "Çoklu Cüzdan",
        "Basit Cüzdan",
        "Cross Cüzdanlar",
        "Cüzdan Cüzdan",
        "Canvas Cüzdan",
        "Çok İşlevli Cüzdan",
        "Dantelli Elbise"
    ],
    "11900": [
        "Seksi Sütyen"
    ],
    "11901": [
        "Seksi Külot"
    ],
    "11902": [
        "Pamuklu Elbise"
    ],
    "11903": [
        "Nakışlı Elbise"
    ],
    "11904": [
        "Şık Elbise"
    ],
    "11905": [
        "Dantelli Sütyen"
    ],
    "11906": [
        "Şık Fincan"
    ],
    "11907": [
        "Tanga Külot"
    ],
    "11908": [
        "Rahat Sütyen"
    ],
    "11909": [
        "Pamuklu Sütyen"
    ],
    "11910": [
        "Sportif Elbise"
    ],
    "11911": [
        "Baskılı Fincan"
    ],
    "11912": [
        "Leopar Elbise"
    ],
    "11913": [
        "Pamuklu Külot"
    ],
    "11914": [
        "Dikişsiz Sütyen"
    ],
    "11915": [
        "Dikişsiz Külot"
    ],
    "11916": [
        "Dantelli Külot"
    ],
    "11917": [
        "Uzun Dal"
    ],
    "11918": [
        "Sportif Fincan"
    ],
    "11926": [
        "Polo Tişört",
        "Uzun Kollu Tişört",
        "Tişört",
        "Yakalı Tişört",
        "Spor Tişörti",
        "Kısa Kollu Tişört",
        "Baskılı Tişört",
        "Günlük Tişört",
        "Pamuklu Tişört",
        "Spor Tişörti",
        "Polyester Tişört",
        "Yazlık Tişört",
        "Fit Tişört",
        "Beyaz Tişört",
        "Şık Tişört",
        "Popüler Tişört"
    ],
    "12095": [
        "Baskılı Bayan Tişörtü",
        "Gömlek Elbise",
        "Uzun Kollu Gömlek",
        "Beyaz Bayan Gömleği",
        "Ekose Gömlek",
        "Kayık Yakalı Bluz",
        "Beyaz Yakalı Bluz",
        "Çizgili Gömlek",
        "Bayan Gömlekleri",
        "Sevimli Gömlekler",
        "Kısa Kollu Gömlekler",
        "İşlemeli Gömlekler",
        "Çiçekli Gömlek",
        "Baskılı Gömlekler",
        "Kolsuz Gömlek",
        "Gündelik Gömlekler",
        "Kolsuz Bluz",
        "Pamuklu Gömlek",
        "Dantelli Bluz",
        "Mor Gömlek",
        "Seksi Bluzlar",
        "Gömlekli Ceket",
        "Şifon Bluz",
        "Fırfırlı Bluz"
    ],
    "12119": [
        "Yüksek Belli Kot Şort",
        "Kot Kalem Etek",
        "Kısa Kot Şort",
        "Kısa Kot Etek",
        "Seksi Jean Şort",
        "Kısa Kot Pantolon",
        "Denim Kot Şort",
        "Yüksek Belli Kot Tayt",
        "Kısa Dar Kot",
        "Yüksek Belli Pantolonlar",
        "Kot Yoga Pantolon",
        "Yüksek Belli Kot Pantolon ",
        "Streç Kot Tayt",
        "Denim Kot Pantolon ",
        "Jean Harem Pantolon",
        "Dar Kot Tayt",
        "Jean Stretch Pantolon",
        "Şık Kısa Kot "
    ],
    "12124": [
        "Polar Ceket",
        "Kolsuz Kapşonlu",
        "Spor Mont",
        "Spor Ceket",
        "Uzun Mont",
        "Fermuarlı Kapşonlu",
        "Uzun Ceket",
        "Kapşonlu Kazak",
        "Üst Ceket",
        "Polar Kapşonlu",
        "Uzun Kapşonlu",
        "Baskılı Kapşonlu",
        "Sıcak Tutan Ceketler",
        "Pamuklu Ceket",
        "Sıcak Tutan Montlar",
        "Gündelik Ceket",
        "Kısa Ceket",
        "Uzun Kazak",
        "Spor Kapşonlu",
        "Fermuarlı Ceket"
    ],
    "12131": [
        "Yürüyüş Ayakkabıları",
        "Basketbol Ayakkabıları",
        "Canvas Ayakkabılar",
        "Spor Ayakkabılar",
        "Sandaletler",
        "El Yapımı Ayakkabılar",
        "Sürüş Ayakkabıları",
        "Kar Botları",
        "Süet Botlar",
        "Yüksek Botlar",
        "Yürüme Ayakkabıları",
        "İş Dünyası Ayakkabısı",
        "Oxford Ayakkabılar",
        "Harika Ayakkabılar",
        "Dış Mekan Ayakkabı"
    ],
    "12132": [
        "Fileli Ayakkabı",
        "Erkekler için Ayakkabı",
        "Basketbol Ayakkabıları",
        "Koşu Ayakkabıları",
        "Spor Ayakkabılar",
        "Paten Ayakkabıları",
        "Mokasen Ayakkabılar",
        "Oxford Ayakkabılar",
        "Ayakkabı Bağcıkları",
        "Elbise Ayakkabıları",
        "Düz Ayakkabılar",
        "Yürüyüş Ayakkabıları",
        "Canvas Ayakkabılar",
        "Yürüme Ayakkabıları",
        "Gündelik Ayakkabılar",
        "Harika Ayakkabılar",
        "Deri Ayakkabılar",
        "Botlar",
        "Spor Ayakkabıları",
        "Burunlu Ayakkabı",
        "Havalı Ayakkabıları",
        "Süet Ayakkabılar",
        "Plaj Ayakkabıları",
        "Sürüş Ayakkabıları",
        "Şık Ayakkabılar",
        "Fly Ayakkabılar",
        "Hafif Ayakkabılar",
        "Retro Ayakkabılar",
        "Sandaletler",
        "Popüler Ayakkabılar",
        "Mokasen Ayakkabılar",
        "Trend Ayakkabılar",
        "Basit Ayakkabılar",
        "Terlikler",
        "Yumuşak Ayakkabılar",
        "Bağcıklı Ayakkabılar",
        "Rahat Ayakkabılar",
        "El Yapımı Ayakkabılar",
        "En İyi Ayakkabılar"
    ],
    "12135": [
        "Bayanlar için Ayakkabı",
        "Bayan Sandaletleri",
        "Bayan Terlikleri",
        "Düz Ayakkabılar",
        "Topuklu Sandalet",
        "Gündelik Ayakkabılar",
        "Rahat Ayakkabılar",
        "Deri Ayakkabı",
        "Düz Sandalet",
        "Topuklu Ayakkabı",
        "Topuklu Ayakkabılar",
        "Kar Ayakkabıları",
        "Rahat Sandaletler",
        "Şık Ayakkabılar",
        "Deri Sandalet",
        "Gündelik Botlar",
        "Topuk Terlik",
        "Deri Terlikler",
        "Şık Sandalet",
        "Yüksek Topuklu Ayakkabılar",
        "Hava Alabilen Ayakkabı",
        "Düz Terlik",
        "Sıcak Tutan Terlik"
    ],
    "12168": [
        "Gündelik El Çantası",
        "Cüzdan El Çantası ",
        "Gündelik Crossbody Çantalar",
        "Çizgi Film Baskılı Bavul",
        "Omuza Asılabilen Valiz",
        "Bilgisayar Sırt Çantası",
        "Su Geçirmez Sırt Çantası",
        "Seyahat Çantası",
        "Omuz Çantası",
        "Kozmetik Çantası",
        "Gündelik Ayakkabılar",
        "Erkek Botları",
        "Yürüyüş Ayakkabıları",
        "Deri Ayakkabılar",
        "Sürüş Ayakkabıları",
        "Şık Ayakkabılar",
        "Popüler Ayakkabılar",
        "Sandalet Ayakkabı",
        "Süet Ayakkabılar",
        "Mokasen Ayakkabılar",
        "Dış Mekan Ayakkabı",
        "Hava Alabilen Sandalet"
    ],
    "12188": [
        "Askılı Dosya Klasörleri ",
        "Ahşap Dolap",
        "Ahşap Fotoğraf Çerçeveleri",
        "Basit Fotoğraf Çerçevesi",
        "Plastik Dolap",
        "Askılı Fotoğraf Çerçeveleri",
        "Plastik Dosya Klasörleri",
        "Çizgi Film Baskılı Fotoğraf Çerçeveleri",
        "Canvas Fotoğraf Çerçeveleri,",
        "Yaratıcı Fotoğraf Çerçeveleri",
        "Deri Dosya Klasörleri",
        "Taşınabilir Dolap",
        "Kırtasiye Dolabı",
        "Şeffaf Fotoğraf Çerçeveleri",
        "Asılı Dolap",
        "Asılı Dosya Tutucu",
        "Deri Fotoğraf Çerçevesi",
        "Plastik Dosya Klasörleri",
        "Plastik Fotoğraf Çerçeveleri",
        "Dikey Dosya Klasörleri"
    ],
    "12271": [
        "Ayak Bileği Botları",
        "Erkek Botları",
        "İş Botları",
        "Kar Botları",
        "Botlar",
        "Kürklü Botlar",
        "Deri Botlar",
        "Düz Botlar",
        "Süet Botlar",
        "Bot Bağcıkları",
        "Yüksek Botlar",
        "Kısa Botlar",
        "Şık Botlar",
        "Sıcak Tutan Botlar",
        "Marka Botlar",
        "Gündelik Botlar",
        "Rahat Botlar"
    ],
    "12274": [
        "Düz Sandalet",
        "Sandalet Tasarıım",
        "Deri Sandalet",
        "Yürüyüş Sandaleti",
        "Plaj Sandaletleri",
        "Rahat Sandaletler",
        "Terlik Sandalet",
        "Sandalet Markaları",
        "Kore Sandaletleri",
        "Canvas Sandaletler",
        "Mokasen Sandaletler",
        "Gençlik Sandalet",
        "Terlik Sandalet",
        "Hava Alabilen Sandalet"
    ],
    "12275": [
        "Deri Terlikler",
        "Terlik Sandalet",
        "Tasarımlı Terlik",
        "Ev Terliği",
        "Harika Terlikler",
        "Düz Terlikler",
        "Şık Terlikler",
        "Kaymaz Terlikler",
        "Çift Terlikleri",
        "Gündelik Terlikler"
    ],
    "12322": [
        "Okul Çantası",
        "Seyahat Çantası",
        "Dizüstü Bilgisayar Çantası",
        "Omuz Çantası",
        "Seyahat Sırt Çantası",
        "Dizüstü Bilgisayar Sırt Çantası",
        "Deri Sırt Çantası",
        "Su Geçirmez Sırt Çantası",
        "Üniversite Çantası",
        "Spor Çantası",
        "Canvas Çantası",
        "Şık Sırt Çantası",
        "İş Dünyası Sırt Çantası",
        "Bilgisayar Sırt Çantası",
        "Geniş Sırt Çantası",
        "Naylon Çantası",
        "Dış Mekan Sırt Çantası",
        "Naylon Sırt Çantası",
        "Çizgi Film Baskılı Sırt Çantası",
        "Oxford Çantası",
        "Günlük Sırt Çantası",
        "Çift Çantası",
        "Dağ Çantası",
        "Omuz Sırt Çantası",
        "Basit Sırt Çantası",
        "Kampüs Sırt Çantası"
    ],
    "12323": [
        "Erkekler için Crossbody Çantası",
        "Deri Crossbody Çantası",
        "Seyahat İçin Crossbody Çantası",
        "Küçük Crossbody Çantası",
        "Canvas Crossbody Çantası",
        "Crossbody Haberci Çantası",
        "Crossbody Omuz Çantası",
        "Crossbody Çantası",
        "Sportif Crossbody Çantası",
        "Su Geçirmez Crossbody Çantası",
        "Eski Tarz Crossbody Çantası",
        "Gündelik Crossbody Çantası",
        "Crossover El Çantası",
        "Askılı Crossbody Çantası",
        "Şık Crossbody Çantası",
        "Basit Crossbody Çantası",
        "Dış Mekan Crossbody Çantası",
        "Retro Crossbody Çantası",
        "Pu Crossbody Çantası",
        "Göğüs Crossbody Çantası",
        "Çapraz Crossbody Çantası"
    ],
    "12324": [
        "Deri El Çantası",
        "Erkekler için El Çantası",
        "Sırt Çantası El Çantası",
        "Crossbody El Çantası",
        "Seyahat El Çantası",
        "Dizüstü Bilgisayar El Çantası",
        "Omuz El Çantası",
        "Canvas El Çamtaları",
        "Omuz El Çantası",
        "Şık El Çantası",
        "Gündelik El Çantası",
        "Uzun El Çantası",
        "Çanta",
        "Çapraz El Çantası",
        "Cüzdan El Çantası ",
        "Basit El Çantası",
        "İş Dünyası El Çantası",
        "Fermuarlı El Çantası",
        "Haberci El Çantası",
        "Evrak Çantası",
        "Bilgisayar Çantası",
        "Büyük Kapasiteli El Çantası",
        "Hakiki Çantası"
    ],
    "12325": [
        "Erkekler için Bel Çantası",
        "Deri Bel Çantası",
        "Kemer Bel Çantası",
        "Koşu Bel Çantası",
        "Seyahat Bel Çantası",
        "Şık Bel Çantası",
        "Taktik Bel Çantası",
        "Su Geçirmez Bel Çantası",
        "Spor Bel Çantası",
        "Küçük Bel Çantası",
        "Omuz Bel Çantası",
        "Büyük Bel Çantası",
        "Bel Para Çantası",
        "Canvas Bel Çantası",
        "Dış Mekan Bel Çantası",
        "Eğlenceli Bel Çantası",
        "Telefon Bel Çantası",
        "Gündelik Bel Çantası"
    ],
    "12371": [
        "Düğün Ayakkabısı",
        "Mokasen Ayakkabılar",
        "Oxford Ayakkabılar",
        "Ayakkabı Bağcıkları",
        "Elbise Ayakkabıları",
        "Düz Ayakkabılar",
        "Gündelik Ayakkabılar",
        "Harika Ayakkabılar",
        "Resmi Ayakkabı",
        "Deri Ayakkabı",
        "Burunlu Ayakkabı",
        "Sürüş Ayakkabıları",
        "Trend Ayakkabılar",
        "Yumuşak Ayakkabılar",
        "Rahat Ayakkabılar",
        "El Yapımı Ayakkabılar",
        "Dış Mekan Ayakkabı",
        "Klasik Ayakkabı",
        "Sivri Ayakkabı",
        "Hava Alabilen Ayakkabı"
    ],
    "12400": [
        "Okul Sırt Çantası",
        "Seyahat Sırt Çantası",
        "Dizüstü Bilgisayar Sırt Çantası",
        "Deri Sırt Çantası",
        "Küçük Sırt Çantası",
        "Su Geçirmez Sırt Çantası",
        "Sevimli Sırt Çantası",
        "Üniversite Sırt Çantası",
        "Canvas Sırt Çantası",
        "Sırt Çantaları",
        "Sırt Çantası ",
        "Bilgisayar Sırt Çantası",
        "Geniş Sırt Çantası",
        "Çoçuk Sırt Çantası",
        "Küçük Sırt Çantası",
        "Dış Mekan Sırt Çantası",
        "Naylon Sırt Çantası",
        "Çizgi Film Baskılı Sırt Çantası",
        "Öğrenci Sırt Çantası",
        "Günlük Sırt Çantası",
        "Omuz Sırt Çantası",
        "Basit Sırt Çantası",
        "Üniversite Sırt Çantası",
        "Gençlik Sırt Çantası"
    ],
    "12401": [
        "Crossbody Çanta",
        "Haberci Çantası",
        "Crossbody Omuz Çantası",
        "Büyük Crossbody Çanta",
        "Bayanlar için Crossbody Çanta",
        "Deri Crossbody Çanta",
        "Kova Çanta",
        "Canvas Çanta ",
        "Kol Çamtası",
        "Omuz Çantası",
        "Küçük Çanta",
        "Şık Crossbody Çantası",
        "Ambalaj Poşetleri",
        "Çapraz Çanta",
        "Jöle Çanta",
        "Şeffaf Çanta",
        "Zincirli Crossbody Çanta",
        "Sevimli Çantalar",
        "Büyük Çanta",
        "Telefon Çantası",
        "Ambalaj Poşetleri",
        "Trend Çantalar",
        "Doğrudan Çanta",
        "Payet Çantası",
        "Gündelik Crossbody Çantalar",
        "Basit Çantalar",
        "Kare Çanta"
    ],
    "12404": [
        "Kadın Çantası",
        "Crossbody Çanta",
        "Haberci Çantası",
        "Omuz Çantası",
        "Kavrama El Çantası",
        "Deri El Çantası",
        "Marka Çantalar",
        "Kova Çanta",
        "Canvas Çanta",
        "Omuz Çantası",
        "Lüks Çanta",
        "Küçük Çanta",
        "Tasarımlı Çanta",
        "Şık Çanta",
        "Çapraz El Çantası",
        "Eski Tarz Çanta",
        "Sevimli Çantalar",
        "Çanta",
        "Büyük Çanta",
        "Ambalaj Poşetleri",
        "Püsküllü Çanta",
        "Trend Çantalar",
        "Timsah El Çantası",
        "Gündelik Çanta",
        "Klasik Çanta",
        "Zarif Çanta",
        "El Çantası",
        "Anne El Çantası",
        "Basit El Çantası",
        "Yumuşak Çanta"
    ],
    "12407": [
        "Kredi Kart Cüzdanı",
        "Deri Cüzdan",
        "Telefon Cüzdanı",
        "Anahtarlık Cüzdanı",
        "Bozuk Para Cüzdanı",
        "Pasaport Cüzdanı",
        "Telefon Cüzdanı",
        "Para Cüzdanı",
        "Cüzdan  ",
        "Sevimli Cüzdan",
        "Fermuarlı Cüzdan",
        "Anahtar Cüzdan",
        "Cepli Cüzdan",
        "Cüzdan Kılıfı",
        "Çizgi Film Baskılı Cüzdan",
        "Kavramalı Cüzdan",
        "Uzun Cüzdan",
        "Çok İşlevli Cüzdan",
        "Basit Cüzdan",
        "Canvas Cüzdan",
        "Büyük Cüzdan",
        "Cüzdan Kalıbı",
        "Araba Cüzdanı",
        "Şık Cüzdan"
    ],
    "12409": [
        "Çocuk Bavul",
        "Seyahat Bavul",
        "Sırt Çantası Bavul",
        "Valiz Bavul",
        "Çizgi Film Baskılı Bavul",
        "Bavul",
        "İş Dünyası Bavul",
        "Tekerlekli Bavul",
        "Bavul Kutusu",
        "Su Geçirmez Bavul",
        "Erkek Valizi",
        "Şık Bavul",
        "Katlanabilir Bavul",
        "Sırt Çantası Valiz Çantası",
        "Canvas Bavul",
        "Gündelik Bavul",
        "Canvas Valiz Çantası",
        "Spor Bavul",
        "El Bavul",
        "Omuza Asılabilen Valiz",
        "Naylon Bavul",
        "İş Dünyası Valiz Çantası",
        "Taşınabilir Bavul",
        "Spor Valiz Çantası"
    ],
    "12450": [
        "Mokasen Ayakkabılar",
        "Baharlık Ayakkabılar",
        "Ayakkabı Bağcıkları",
        "Canvas Ayakkabılar",
        "Yürüyüş Ayakkabıları",
        "Gündelik Ayakkabılar",
        "Deri Ayakkabılar",
        "Süet Ayakkabılar",
        "Yazlık Ayakkabılar",
        "Sürüş Ayakkabıları",
        "Mokasen Ayakkabılar",
        "Trend Ayakkabılar",
        "Rahat Ayakkabılar",
        "El Yapımı Ayakkabılar",
        "Kore Ayakkabıları",
        "Spot Ayakkabılar",
        "Hava Alabilen Ayakkabı",
        "İş Dünyası Ayakkabısı",
        "Ayakkabı"
    ]
}